id,date_time,city_id,city_name,customer_id,first_name,last_name,item_id,item_name,quantity,payment_amount
1,2022-06-08T00:00:00,2,Ярославль,9613,Надежда,Егорова,1,Молоко 3%,5,600
2,2022-06-08T00:00:00,2,Ярославль,4617,Екатерина,Егорова,10,Томаты,5,250
3,2022-06-08T00:00:00,2,Ярославль,2516,Ольга,Лебедева,3,Устройство для нагревания табака Трубка Мира,4,2000
4,2022-06-08T00:00:00,1,Ростов,1203,Евгений,Сидоров,9,Ручка шариковая,2,90
5,2022-06-08T00:00:00,2,Ярославль,402,Иван,Кузнецов,7,Средство для мытья посуды,2,400
6,2022-06-08T00:00:00,0,Москва,1519,Евгения,Лебедева,2,Молоко 5%,5,750
7,2022-06-08T00:00:00,1,Ростов,712,Александра,Павлова,6,Яблоко,1,140
8,2022-06-08T00:00:00,1,Ростов,4604,Сергей,Васильев,7,Средство для мытья посуды,2,400
9,2022-06-08T00:00:00,0,Москва,7401,Константин,Кузнецов,7,Средство для мытья посуды,2,400
10,2022-06-08T00:00:00,1,Ростов,7006,Константин,Иванов,7,Средство для мытья посуды,3,600
11,2022-06-08T00:00:00,2,Ярославль,6602,Алексей,Васильев,1,Молоко 3%,5,600
12,2022-06-08T00:00:00,0,Москва,5912,Оксана,Орлова,5,Яблоко молодильное,1,400
13,2022-06-08T00:00:00,1,Ростов,516,Александра,Лебедева,1,Молоко 3%,3,360
14,2022-06-08T00:00:00,2,Ярославль,5714,Оксана,Павлова,2,Молоко 5%,2,300
15,2022-06-08T00:00:00,1,Ростов,4203,Сергей,Сидоров,7,Средство для мытья посуды,1,200
16,2022-06-08T00:00:00,2,Ярославль,8606,Геннадий,Васильев,11,Хлеб ржаной,3,60
17,2022-06-08T00:00:00,1,Ростов,8413,Снежанна,Алексеева,5,Яблоко молодильное,1,400
18,2022-06-08T00:00:00,0,Москва,5609,Александр,Васильев,8,Лампочка LED,2,600
19,2022-06-08T00:00:00,2,Ярославль,9312,Надежда,Волкова,9,Ручка шариковая,1,45
20,2022-06-08T00:00:00,2,Ярославль,6212,Елизавета,Морозова,5,Яблоко молодильное,4,1600
21,2022-06-08T00:00:00,1,Ростов,2710,Ольга,Павлова,6,Яблоко,3,420
22,2022-06-08T00:00:00,2,Ярославль,7701,Константин,Соколов,9,Ручка шариковая,2,90
23,2022-06-08T00:00:00,2,Ярославль,3307,Олег,Смирнов,7,Средство для мытья посуды,2,400
24,2022-06-08T00:00:00,2,Ярославль,6009,Алексей,Иванов,10,Томаты,5,250
25,2022-06-08T00:00:00,2,Ярославль,3213,Светлана,Морозова,9,Ручка шариковая,3,135
26,2022-06-08T00:00:00,0,Москва,5805,Александр,Михайлов,1,Молоко 3%,5,600
27,2022-06-08T00:00:00,0,Москва,1013,Евгения,Великая,4,Сахар песок,4,200
28,2022-06-08T00:00:00,0,Москва,5508,Александр,Попов,6,Яблоко,5,700
29,2022-06-08T00:00:00,1,Ростов,2516,Ольга,Лебедева,9,Ручка шариковая,5,225
30,2022-06-08T00:00:00,2,Ярославль,7611,Анна,Егорова,10,Томаты,2,100
31,2022-06-08T00:00:00,2,Ярославль,702,Иван,Соколов,4,Сахар песок,4,200
32,2022-06-08T00:00:00,1,Ростов,3014,Светлана,Великая,4,Сахар песок,4,200
33,2022-06-08T00:00:00,2,Ярославль,5700,Александр,Соколов,5,Яблоко молодильное,5,2000
34,2022-06-08T00:00:00,0,Москва,7302,Константин,Смирнов,10,Томаты,2,100
35,2022-06-08T00:00:00,2,Ярославль,5916,Оксана,Орлова,8,Лампочка LED,4,1200
36,2022-06-08T00:00:00,2,Ярославль,4813,Екатерина,Козлова,8,Лампочка LED,2,600
37,2022-06-08T00:00:00,2,Ярославль,4701,Сергей,Соколов,6,Яблоко,2,280
38,2022-06-08T00:00:00,1,Ростов,9611,Надежда,Егорова,8,Лампочка LED,3,900
39,2022-06-08T00:00:00,0,Москва,8112,Снежанна,Федорова,6,Яблоко,4,560
40,2022-06-08T00:00:00,1,Ростов,4313,Екатерина,Волкова,4,Сахар песок,2,100
41,2022-06-08T00:00:00,2,Ярославль,3203,Олег,Сидоров,6,Яблоко,1,140
42,2022-06-08T00:00:00,0,Москва,6902,Алексей,Новиков,1,Молоко 3%,3,360
43,2022-06-08T00:00:00,2,Ярославль,2300,Петр,Смирнов,7,Средство для мытья посуды,5,1000
44,2022-06-08T00:00:00,2,Ярославль,9718,Надежда,Павлова,4,Сахар песок,3,150
45,2022-06-08T00:00:00,1,Ростов,703,Иван,Соколов,9,Ручка шариковая,5,225
46,2022-06-08T00:00:00,2,Ярославль,1203,Евгений,Сидоров,5,Яблоко молодильное,4,1600
47,2022-06-08T00:00:00,1,Ростов,3106,Олег,Петров,11,Хлеб ржаной,5,100
48,2022-06-08T00:00:00,1,Ростов,3215,Светлана,Морозова,10,Томаты,4,200
49,2022-06-08T00:00:00,0,Москва,3707,Олег,Соколов,8,Лампочка LED,4,1200
50,2022-06-08T00:00:00,1,Ростов,4912,Екатерина,Орлова,0,Молоко 1%,3,300
51,2022-06-08T00:00:00,0,Москва,6601,Алексей,Васильев,3,Устройство для нагревания табака Трубка Мира,3,1500
52,2022-06-08T00:00:00,1,Ростов,9000,Эдуард,Иванов,5,Яблоко молодильное,4,1600
53,2022-06-08T00:00:00,2,Ярославль,6702,Алексей,Соколов,8,Лампочка LED,5,1500
54,2022-06-08T00:00:00,1,Ростов,7511,Анна,Лебедева,8,Лампочка LED,5,1500
55,2022-06-08T00:00:00,1,Ростов,807,Иван,Михайлов,7,Средство для мытья посуды,4,800
56,2022-06-08T00:00:00,2,Ярославль,3300,Олег,Смирнов,3,Устройство для нагревания табака Трубка Мира,3,1500
57,2022-06-08T00:00:00,2,Ярославль,5308,Александр,Смирнов,7,Средство для мытья посуды,4,800
58,2022-06-08T00:00:00,1,Ростов,8005,Геннадий,Иванов,1,Молоко 3%,2,240
59,2022-06-08T00:00:00,1,Ростов,5514,Оксана,Лебедева,6,Яблоко,1,140
60,2022-06-08T00:00:00,2,Ярославль,1317,Евгения,Волкова,1,Молоко 3%,1,120
61,2022-06-08T00:00:00,0,Москва,7300,Константин,Смирнов,7,Средство для мытья посуды,5,1000
62,2022-06-08T00:00:00,2,Ярославль,7305,Константин,Смирнов,3,Устройство для нагревания табака Трубка Мира,4,2000
63,2022-06-08T00:00:00,2,Ярославль,3511,Светлана,Лебедева,9,Ручка шариковая,1,45
64,2022-06-08T00:00:00,2,Ярославль,9013,Надежда,Великая,7,Средство для мытья посуды,1,200
65,2022-06-08T00:00:00,2,Ярославль,6512,Елизавета,Лебедева,3,Устройство для нагревания табака Трубка Мира,4,2000
66,2022-06-08T00:00:00,1,Ростов,2508,Петр,Попов,0,Молоко 1%,2,200
67,2022-06-08T00:00:00,2,Ярославль,2907,Петр,Новиков,4,Сахар песок,3,150
68,2022-06-08T00:00:00,1,Ростов,6619,Елизавета,Егорова,6,Яблоко,1,140
69,2022-06-08T00:00:00,0,Москва,9207,Эдуард,Сидоров,3,Устройство для нагревания табака Трубка Мира,2,1000
70,2022-06-08T00:00:00,1,Ростов,5509,Александр,Попов,6,Яблоко,1,140
71,2022-06-08T00:00:00,1,Ростов,4604,Сергей,Васильев,10,Томаты,3,150
72,2022-06-08T00:00:00,0,Москва,8901,Геннадий,Новиков,9,Ручка шариковая,5,225
73,2022-06-08T00:00:00,2,Ярославль,3405,Олег,Кузнецов,1,Молоко 3%,5,600
74,2022-06-08T00:00:00,0,Москва,4009,Сергей,Иванов,8,Лампочка LED,2,600
75,2022-06-08T00:00:00,1,Ростов,7314,Анна,Волкова,4,Сахар песок,4,200
76,2022-06-08T00:00:00,0,Москва,1514,Евгения,Лебедева,2,Молоко 5%,1,150
77,2022-06-08T00:00:00,1,Ростов,9508,Эдуард,Попов,3,Устройство для нагревания табака Трубка Мира,4,2000
78,2022-06-08T00:00:00,0,Москва,305,Иван,Смирнов,10,Томаты,3,150
79,2022-06-08T00:00:00,1,Ростов,4212,Екатерина,Морозова,6,Яблоко,4,560
80,2022-06-08T00:00:00,2,Ярославль,1500,Евгений,Попов,9,Ручка шариковая,4,180
81,2022-06-08T00:00:00,1,Ростов,5909,Александр,Новиков,10,Томаты,1,50
82,2022-06-08T00:00:00,1,Ростов,6301,Алексей,Смирнов,10,Томаты,1,50
83,2022-06-08T00:00:00,2,Ярославль,7410,Анна,Алексеева,0,Молоко 1%,1,100
84,2022-06-08T00:00:00,0,Москва,7912,Анна,Орлова,9,Ручка шариковая,5,225
85,2022-06-08T00:00:00,0,Москва,5802,Александр,Михайлов,2,Молоко 5%,5,750
86,2022-06-08T00:00:00,2,Ярославль,910,Александра,Орлова,3,Устройство для нагревания табака Трубка Мира,1,500
87,2022-06-08T00:00:00,1,Ростов,4303,Сергей,Смирнов,9,Ручка шариковая,4,180
88,2022-06-08T00:00:00,2,Ярославль,4204,Сергей,Сидоров,9,Ручка шариковая,3,135
89,2022-06-08T00:00:00,0,Москва,814,Александра,Козлова,4,Сахар песок,4,200
90,2022-06-08T00:00:00,0,Москва,7403,Константин,Кузнецов,7,Средство для мытья посуды,5,1000
91,2022-06-08T00:00:00,0,Москва,9407,Эдуард,Кузнецов,0,Молоко 1%,2,200
92,2022-06-08T00:00:00,2,Ярославль,4802,Сергей,Михайлов,6,Яблоко,2,280
93,2022-06-08T00:00:00,2,Ярославль,6318,Елизавета,Волкова,0,Молоко 1%,3,300
94,2022-06-08T00:00:00,1,Ростов,5000,Александр,Иванов,6,Яблоко,1,140
95,2022-06-08T00:00:00,2,Ярославль,9114,Надежда,Федорова,8,Лампочка LED,5,1500
96,2022-06-08T00:00:00,1,Ростов,3109,Олег,Петров,11,Хлеб ржаной,3,60
97,2022-06-08T00:00:00,2,Ярославль,6105,Алексей,Петров,0,Молоко 1%,2,200
98,2022-06-08T00:00:00,2,Ярославль,4314,Екатерина,Волкова,11,Хлеб ржаной,1,20
99,2022-06-08T00:00:00,1,Ростов,4119,Екатерина,Федорова,11,Хлеб ржаной,5,100
100,2022-06-08T00:00:00,2,Ярославль,9214,Надежда,Морозова,5,Яблоко молодильное,4,1600
101,2022-06-08T00:00:00,2,Ярославль,4619,Екатерина,Егорова,8,Лампочка LED,3,900
102,2022-06-08T00:00:00,1,Ростов,1715,Евгения,Павлова,6,Яблоко,4,560
103,2022-06-08T00:00:00,1,Ростов,8016,Снежанна,Великая,10,Томаты,4,200
104,2022-06-08T00:00:00,0,Москва,7711,Анна,Павлова,11,Хлеб ржаной,4,80
105,2022-06-08T00:00:00,2,Ярославль,9510,Надежда,Лебедева,11,Хлеб ржаной,2,40
106,2022-06-08T00:00:00,1,Ростов,2319,Ольга,Волкова,7,Средство для мытья посуды,2,400
107,2022-06-08T00:00:00,2,Ярославль,6210,Елизавета,Морозова,7,Средство для мытья посуды,3,600
108,2022-06-08T00:00:00,0,Москва,1215,Евгения,Морозова,7,Средство для мытья посуды,3,600
109,2022-06-08T00:00:00,1,Ростов,310,Александра,Волкова,11,Хлеб ржаной,3,60
110,2022-06-08T00:00:00,0,Москва,9411,Надежда,Алексеева,11,Хлеб ржаной,3,60
111,2022-06-08T00:00:00,0,Москва,1802,Евгений,Михайлов,9,Ручка шариковая,5,225
112,2022-06-08T00:00:00,2,Ярославль,5407,Александр,Кузнецов,0,Молоко 1%,5,500
113,2022-06-08T00:00:00,0,Москва,7612,Анна,Егорова,6,Яблоко,3,420
114,2022-06-08T00:00:00,2,Ярославль,2107,Петр,Петров,4,Сахар песок,2,100
115,2022-06-08T00:00:00,1,Ростов,218,Александра,Морозова,10,Томаты,2,100
116,2022-06-08T00:00:00,0,Москва,6413,Елизавета,Алексеева,7,Средство для мытья посуды,5,1000
117,2022-06-08T00:00:00,2,Ярославль,5812,Оксана,Козлова,7,Средство для мытья посуды,2,400
118,2022-06-08T00:00:00,2,Ярославль,2905,Петр,Новиков,1,Молоко 3%,1,120
119,2022-06-08T00:00:00,2,Ярославль,3006,Олег,Иванов,7,Средство для мытья посуды,1,200
120,2022-06-08T00:00:00,0,Москва,4002,Сергей,Иванов,4,Сахар песок,4,200
121,2022-06-08T00:00:00,1,Ростов,317,Александра,Волкова,1,Молоко 3%,1,120
122,2022-06-08T00:00:00,0,Москва,4701,Сергей,Соколов,3,Устройство для нагревания табака Трубка Мира,3,1500
123,2022-06-08T00:00:00,2,Ярославль,600,Иван,Васильев,6,Яблоко,2,280
124,2022-06-08T00:00:00,1,Ростов,4719,Екатерина,Павлова,8,Лампочка LED,3,900
125,2022-06-08T00:00:00,2,Ярославль,6211,Елизавета,Морозова,9,Ручка шариковая,5,225
126,2022-06-08T00:00:00,0,Москва,2217,Ольга,Морозова,0,Молоко 1%,2,200
127,2022-06-08T00:00:00,0,Москва,7007,Константин,Иванов,8,Лампочка LED,1,300
128,2022-06-08T00:00:00,2,Ярославль,4604,Сергей,Васильев,1,Молоко 3%,3,360
129,2022-06-08T00:00:00,1,Ростов,4503,Сергей,Попов,6,Яблоко,2,280
130,2022-06-08T00:00:00,0,Москва,3517,Светлана,Лебедева,9,Ручка шариковая,2,90
131,2022-06-08T00:00:00,1,Ростов,108,Иван,Петров,6,Яблоко,4,560
132,2022-06-08T00:00:00,1,Ростов,1002,Евгений,Иванов,4,Сахар песок,3,150
133,2022-06-08T00:00:00,1,Ростов,1317,Евгения,Волкова,7,Средство для мытья посуды,3,600
134,2022-06-08T00:00:00,0,Москва,312,Александра,Волкова,4,Сахар песок,1,50
135,2022-06-08T00:00:00,2,Ярославль,6509,Алексей,Попов,0,Молоко 1%,3,300
136,2022-06-08T00:00:00,2,Ярославль,3801,Олег,Михайлов,8,Лампочка LED,4,1200
137,2022-06-08T00:00:00,0,Москва,5505,Александр,Попов,5,Яблоко молодильное,2,800
138,2022-06-08T00:00:00,0,Москва,9218,Надежда,Морозова,11,Хлеб ржаной,1,20
139,2022-06-08T00:00:00,0,Москва,1706,Евгений,Соколов,8,Лампочка LED,5,1500
140,2022-06-08T00:00:00,0,Москва,9605,Эдуард,Васильев,3,Устройство для нагревания табака Трубка Мира,1,500
141,2022-06-08T00:00:00,2,Ярославль,3416,Светлана,Алексеева,9,Ручка шариковая,1,45
142,2022-06-08T00:00:00,0,Москва,515,Александра,Лебедева,4,Сахар песок,2,100
143,2022-06-08T00:00:00,1,Ростов,3011,Светлана,Великая,7,Средство для мытья посуды,5,1000
144,2022-06-08T00:00:00,2,Ярославль,6501,Алексей,Попов,7,Средство для мытья посуды,5,1000
145,2022-06-08T00:00:00,0,Москва,2301,Петр,Смирнов,4,Сахар песок,5,250
146,2022-06-08T00:00:00,0,Москва,2100,Петр,Петров,1,Молоко 3%,2,240
147,2022-06-08T00:00:00,2,Ярославль,5617,Оксана,Егорова,1,Молоко 3%,2,240
148,2022-06-08T00:00:00,1,Ростов,3812,Светлана,Козлова,2,Молоко 5%,1,150
149,2022-06-08T00:00:00,1,Ростов,7904,Константин,Новиков,1,Молоко 3%,3,360
150,2022-06-08T00:00:00,1,Ростов,6709,Алексей,Соколов,6,Яблоко,3,420
151,2022-06-08T00:00:00,0,Москва,2318,Ольга,Волкова,4,Сахар песок,4,200
152,2022-06-08T00:00:00,1,Ростов,7908,Константин,Новиков,0,Молоко 1%,4,400
153,2022-06-08T00:00:00,0,Москва,401,Иван,Кузнецов,5,Яблоко молодильное,5,2000
154,2022-06-08T00:00:00,0,Москва,9804,Эдуард,Михайлов,1,Молоко 3%,1,120
155,2022-06-08T00:00:00,2,Ярославль,6008,Алексей,Иванов,7,Средство для мытья посуды,1,200
156,2022-06-08T00:00:00,2,Ярославль,1316,Евгения,Волкова,9,Ручка шариковая,1,45
157,2022-06-08T00:00:00,1,Ростов,7901,Константин,Новиков,2,Молоко 5%,1,150
158,2022-06-08T00:00:00,1,Ростов,2806,Петр,Михайлов,9,Ручка шариковая,4,180
159,2022-06-08T00:00:00,2,Ярославль,6400,Алексей,Кузнецов,9,Ручка шариковая,3,135
160,2022-06-08T00:00:00,1,Ростов,5913,Оксана,Орлова,8,Лампочка LED,3,900
161,2022-06-08T00:00:00,1,Ростов,1816,Евгения,Козлова,2,Молоко 5%,2,300
162,2022-06-08T00:00:00,2,Ярославль,6119,Елизавета,Федорова,1,Молоко 3%,1,120
163,2022-06-08T00:00:00,0,Москва,1212,Евгения,Морозова,8,Лампочка LED,5,1500
164,2022-06-08T00:00:00,0,Москва,5411,Оксана,Алексеева,9,Ручка шариковая,5,225
165,2022-06-08T00:00:00,1,Ростов,9209,Эдуард,Сидоров,9,Ручка шариковая,1,45
166,2022-06-08T00:00:00,0,Москва,1007,Евгений,Иванов,0,Молоко 1%,5,500
167,2022-06-08T00:00:00,1,Ростов,1406,Евгений,Кузнецов,7,Средство для мытья посуды,1,200
168,2022-06-08T00:00:00,1,Ростов,3304,Олег,Смирнов,7,Средство для мытья посуды,3,600
169,2022-06-08T00:00:00,1,Ростов,4111,Екатерина,Федорова,8,Лампочка LED,4,1200
170,2022-06-08T00:00:00,2,Ярославль,2618,Ольга,Егорова,5,Яблоко молодильное,3,1200
171,2022-06-08T00:00:00,2,Ярославль,3418,Светлана,Алексеева,9,Ручка шариковая,3,135
172,2022-06-08T00:00:00,1,Ростов,9102,Эдуард,Петров,4,Сахар песок,2,100
173,2022-06-08T00:00:00,1,Ростов,904,Иван,Новиков,9,Ручка шариковая,5,225
174,2022-06-08T00:00:00,2,Ярославль,6808,Алексей,Михайлов,11,Хлеб ржаной,1,20
175,2022-06-08T00:00:00,0,Москва,1617,Евгения,Егорова,9,Ручка шариковая,5,225
176,2022-06-08T00:00:00,2,Ярославль,6703,Алексей,Соколов,1,Молоко 3%,5,600
177,2022-06-08T00:00:00,1,Ростов,2807,Петр,Михайлов,4,Сахар песок,5,250
178,2022-06-08T00:00:00,2,Ярославль,2912,Ольга,Орлова,4,Сахар песок,2,100
179,2022-06-08T00:00:00,2,Ярославль,2413,Ольга,Алексеева,11,Хлеб ржаной,1,20
180,2022-06-08T00:00:00,2,Ярославль,1913,Евгения,Орлова,4,Сахар песок,3,150
181,2022-06-08T00:00:00,0,Москва,8513,Снежанна,Лебедева,7,Средство для мытья посуды,1,200
182,2022-06-08T00:00:00,1,Ростов,9605,Эдуард,Васильев,10,Томаты,1,50
183,2022-06-08T00:00:00,0,Москва,6116,Елизавета,Федорова,4,Сахар песок,3,150
184,2022-06-08T00:00:00,0,Москва,5300,Александр,Смирнов,2,Молоко 5%,5,750
185,2022-06-08T00:00:00,2,Ярославль,4303,Сергей,Смирнов,3,Устройство для нагревания табака Трубка Мира,4,2000
186,2022-06-08T00:00:00,0,Москва,810,Александра,Козлова,7,Средство для мытья посуды,5,1000
187,2022-06-08T00:00:00,2,Ярославль,9905,Эдуард,Новиков,0,Молоко 1%,2,200
188,2022-06-08T00:00:00,0,Москва,3614,Светлана,Егорова,2,Молоко 5%,5,750
189,2022-06-08T00:00:00,1,Ростов,2317,Ольга,Волкова,11,Хлеб ржаной,5,100
190,2022-06-08T00:00:00,2,Ярославль,314,Александра,Волкова,10,Томаты,5,250
191,2022-06-08T00:00:00,0,Москва,100,Иван,Петров,1,Молоко 3%,1,120
192,2022-06-08T00:00:00,1,Ростов,7310,Анна,Волкова,1,Молоко 3%,5,600
193,2022-06-08T00:00:00,0,Москва,9217,Надежда,Морозова,6,Яблоко,2,280
194,2022-06-08T00:00:00,2,Ярославль,4906,Сергей,Новиков,7,Средство для мытья посуды,1,200
195,2022-06-08T00:00:00,1,Ростов,2317,Ольга,Волкова,10,Томаты,4,200
196,2022-06-08T00:00:00,0,Москва,2917,Ольга,Орлова,0,Молоко 1%,3,300
197,2022-06-08T00:00:00,0,Москва,7507,Константин,Попов,11,Хлеб ржаной,1,20
198,2022-06-08T00:00:00,0,Москва,1510,Евгения,Лебедева,6,Яблоко,3,420
199,2022-06-08T00:00:00,2,Ярославль,1510,Евгения,Лебедева,2,Молоко 5%,3,450
200,2022-06-08T00:00:00,0,Москва,5519,Оксана,Лебедева,4,Сахар песок,3,150
201,2022-06-08T00:00:00,1,Ростов,7707,Константин,Соколов,7,Средство для мытья посуды,2,400
202,2022-06-08T00:00:00,2,Ярославль,5609,Александр,Васильев,5,Яблоко молодильное,5,2000
203,2022-06-08T00:00:00,0,Москва,7901,Константин,Новиков,7,Средство для мытья посуды,5,1000
204,2022-06-08T00:00:00,1,Ростов,901,Иван,Новиков,5,Яблоко молодильное,1,400
205,2022-06-08T00:00:00,2,Ярославль,9002,Эдуард,Иванов,11,Хлеб ржаной,4,80
206,2022-06-08T00:00:00,0,Москва,1400,Евгений,Кузнецов,1,Молоко 3%,1,120
207,2022-06-08T00:00:00,1,Ростов,4614,Екатерина,Егорова,0,Молоко 1%,4,400
208,2022-06-08T00:00:00,0,Москва,6015,Елизавета,Великая,4,Сахар песок,5,250
209,2022-06-08T00:00:00,0,Москва,1317,Евгения,Волкова,3,Устройство для нагревания табака Трубка Мира,1,500
210,2022-06-08T00:00:00,2,Ярославль,8000,Геннадий,Иванов,0,Молоко 1%,4,400
211,2022-06-08T00:00:00,2,Ярославль,6401,Алексей,Кузнецов,10,Томаты,3,150
212,2022-06-08T00:00:00,1,Ростов,5405,Александр,Кузнецов,5,Яблоко молодильное,3,1200
213,2022-06-08T00:00:00,1,Ростов,5910,Оксана,Орлова,5,Яблоко молодильное,1,400
214,2022-06-08T00:00:00,0,Москва,8408,Геннадий,Кузнецов,8,Лампочка LED,5,1500
215,2022-06-08T00:00:00,1,Ростов,6512,Елизавета,Лебедева,5,Яблоко молодильное,3,1200
216,2022-06-08T00:00:00,1,Ростов,1005,Евгений,Иванов,4,Сахар песок,4,200
217,2022-06-08T00:00:00,1,Ростов,218,Александра,Морозова,10,Томаты,2,100
218,2022-06-08T00:00:00,0,Москва,6413,Елизавета,Алексеева,7,Средство для мытья посуды,5,1000
219,2022-06-08T00:00:00,2,Ярославль,5812,Оксана,Козлова,7,Средство для мытья посуды,2,400
220,2022-06-08T00:00:00,2,Ярославль,2905,Петр,Новиков,1,Молоко 3%,1,120
221,2022-06-08T00:00:00,2,Ярославль,3006,Олег,Иванов,7,Средство для мытья посуды,1,200
222,2022-06-08T00:00:00,0,Москва,4002,Сергей,Иванов,4,Сахар песок,4,200
223,2022-06-08T00:00:00,1,Ростов,317,Александра,Волкова,1,Молоко 3%,1,120
224,2022-06-08T00:00:00,0,Москва,4701,Сергей,Соколов,3,Устройство для нагревания табака Трубка Мира,3,1500
225,2022-06-08T00:00:00,2,Ярославль,600,Иван,Васильев,6,Яблоко,2,280
226,2022-06-08T00:00:00,1,Ростов,4719,Екатерина,Павлова,8,Лампочка LED,3,900
227,2022-06-08T00:00:00,2,Ярославль,6211,Елизавета,Морозова,9,Ручка шариковая,5,225
228,2022-06-08T00:00:00,0,Москва,2217,Ольга,Морозова,0,Молоко 1%,2,200
229,2022-06-08T00:00:00,0,Москва,7007,Константин,Иванов,8,Лампочка LED,1,300
230,2022-06-08T00:00:00,2,Ярославль,4604,Сергей,Васильев,1,Молоко 3%,3,360
231,2022-06-08T00:00:00,1,Ростов,4503,Сергей,Попов,6,Яблоко,2,280
232,2022-06-08T00:00:00,0,Москва,3517,Светлана,Лебедева,9,Ручка шариковая,2,90
233,2022-06-08T00:00:00,1,Ростов,108,Иван,Петров,6,Яблоко,4,560
234,2022-06-08T00:00:00,1,Ростов,1002,Евгений,Иванов,4,Сахар песок,3,150
235,2022-06-08T00:00:00,1,Ростов,1317,Евгения,Волкова,7,Средство для мытья посуды,3,600
236,2022-06-08T00:00:00,0,Москва,312,Александра,Волкова,4,Сахар песок,1,50
237,2022-06-08T00:00:00,2,Ярославль,6509,Алексей,Попов,0,Молоко 1%,3,300
238,2022-06-08T00:00:00,2,Ярославль,3801,Олег,Михайлов,8,Лампочка LED,4,1200
239,2022-06-08T00:00:00,0,Москва,5505,Александр,Попов,5,Яблоко молодильное,2,800
240,2022-06-08T00:00:00,0,Москва,9218,Надежда,Морозова,11,Хлеб ржаной,1,20
241,2022-06-08T00:00:00,0,Москва,1706,Евгений,Соколов,8,Лампочка LED,5,1500
242,2022-06-08T00:00:00,0,Москва,9605,Эдуард,Васильев,3,Устройство для нагревания табака Трубка Мира,1,500
243,2022-06-08T00:00:00,2,Ярославль,3416,Светлана,Алексеева,9,Ручка шариковая,1,45
244,2022-06-08T00:00:00,0,Москва,515,Александра,Лебедева,4,Сахар песок,2,100
245,2022-06-08T00:00:00,1,Ростов,3011,Светлана,Великая,7,Средство для мытья посуды,5,1000
246,2022-06-08T00:00:00,2,Ярославль,6501,Алексей,Попов,7,Средство для мытья посуды,5,1000
247,2022-06-08T00:00:00,0,Москва,2301,Петр,Смирнов,4,Сахар песок,5,250
248,2022-06-08T00:00:00,0,Москва,2100,Петр,Петров,1,Молоко 3%,2,240
249,2022-06-08T00:00:00,2,Ярославль,5617,Оксана,Егорова,1,Молоко 3%,2,240
250,2022-06-08T00:00:00,1,Ростов,3812,Светлана,Козлова,2,Молоко 5%,1,150
251,2022-06-08T00:00:00,1,Ростов,7904,Константин,Новиков,1,Молоко 3%,3,360
252,2022-06-08T00:00:00,1,Ростов,6709,Алексей,Соколов,6,Яблоко,3,420
253,2022-06-08T00:00:00,0,Москва,2318,Ольга,Волкова,4,Сахар песок,4,200
254,2022-06-08T00:00:00,1,Ростов,7908,Константин,Новиков,0,Молоко 1%,4,400
255,2022-06-08T00:00:00,0,Москва,401,Иван,Кузнецов,5,Яблоко молодильное,5,2000
256,2022-06-08T00:00:00,0,Москва,9804,Эдуард,Михайлов,1,Молоко 3%,1,120
257,2022-06-08T00:00:00,2,Ярославль,6008,Алексей,Иванов,7,Средство для мытья посуды,1,200
258,2022-06-08T00:00:00,2,Ярославль,1316,Евгения,Волкова,9,Ручка шариковая,1,45
259,2022-06-08T00:00:00,1,Ростов,7901,Константин,Новиков,2,Молоко 5%,1,150
260,2022-06-08T00:00:00,1,Ростов,2806,Петр,Михайлов,9,Ручка шариковая,4,180
261,2022-06-08T00:00:00,2,Ярославль,6400,Алексей,Кузнецов,9,Ручка шариковая,3,135
262,2022-06-08T00:00:00,1,Ростов,5913,Оксана,Орлова,8,Лампочка LED,3,900
263,2022-06-08T00:00:00,1,Ростов,1816,Евгения,Козлова,2,Молоко 5%,2,300
264,2022-06-08T00:00:00,2,Ярославль,6119,Елизавета,Федорова,1,Молоко 3%,1,120
265,2022-06-08T00:00:00,0,Москва,1212,Евгения,Морозова,8,Лампочка LED,5,1500
266,2022-06-08T00:00:00,0,Москва,5411,Оксана,Алексеева,9,Ручка шариковая,5,225
267,2022-06-08T00:00:00,1,Ростов,9209,Эдуард,Сидоров,9,Ручка шариковая,1,45
268,2022-06-08T00:00:00,0,Москва,1007,Евгений,Иванов,0,Молоко 1%,5,500
269,2022-06-08T00:00:00,1,Ростов,1406,Евгений,Кузнецов,7,Средство для мытья посуды,1,200
270,2022-06-08T00:00:00,1,Ростов,3304,Олег,Смирнов,7,Средство для мытья посуды,3,600
271,2022-06-08T00:00:00,1,Ростов,4111,Екатерина,Федорова,8,Лампочка LED,4,1200
272,2022-06-08T00:00:00,2,Ярославль,2618,Ольга,Егорова,5,Яблоко молодильное,3,1200
273,2022-06-08T00:00:00,2,Ярославль,3418,Светлана,Алексеева,9,Ручка шариковая,3,135
274,2022-06-08T00:00:00,1,Ростов,9102,Эдуард,Петров,4,Сахар песок,2,100
275,2022-06-08T00:00:00,1,Ростов,904,Иван,Новиков,9,Ручка шариковая,5,225
276,2022-06-08T00:00:00,2,Ярославль,6808,Алексей,Михайлов,11,Хлеб ржаной,1,20
277,2022-06-08T00:00:00,0,Москва,1617,Евгения,Егорова,9,Ручка шариковая,5,225
278,2022-06-08T00:00:00,2,Ярославль,6703,Алексей,Соколов,1,Молоко 3%,5,600
279,2022-06-08T00:00:00,1,Ростов,2807,Петр,Михайлов,4,Сахар песок,5,250
280,2022-06-08T00:00:00,2,Ярославль,2912,Ольга,Орлова,4,Сахар песок,2,100
281,2022-06-08T00:00:00,2,Ярославль,2413,Ольга,Алексеева,11,Хлеб ржаной,1,20
282,2022-06-08T00:00:00,2,Ярославль,1913,Евгения,Орлова,4,Сахар песок,3,150
283,2022-06-08T00:00:00,0,Москва,8513,Снежанна,Лебедева,7,Средство для мытья посуды,1,200
284,2022-06-08T00:00:00,1,Ростов,9605,Эдуард,Васильев,10,Томаты,1,50
285,2022-06-08T00:00:00,0,Москва,6116,Елизавета,Федорова,4,Сахар песок,3,150
286,2022-06-08T00:00:00,0,Москва,5300,Александр,Смирнов,2,Молоко 5%,5,750
287,2022-06-08T00:00:00,2,Ярославль,4303,Сергей,Смирнов,3,Устройство для нагревания табака Трубка Мира,4,2000
288,2022-06-08T00:00:00,0,Москва,810,Александра,Козлова,7,Средство для мытья посуды,5,1000
289,2022-06-08T00:00:00,2,Ярославль,9905,Эдуард,Новиков,0,Молоко 1%,2,200
290,2022-06-08T00:00:00,0,Москва,3614,Светлана,Егорова,2,Молоко 5%,5,750
291,2022-06-08T00:00:00,1,Ростов,2317,Ольга,Волкова,11,Хлеб ржаной,5,100
292,2022-06-08T00:00:00,2,Ярославль,314,Александра,Волкова,10,Томаты,5,250
293,2022-06-08T00:00:00,0,Москва,100,Иван,Петров,1,Молоко 3%,1,120
294,2022-06-08T00:00:00,1,Ростов,7310,Анна,Волкова,1,Молоко 3%,5,600
295,2022-06-08T00:00:00,0,Москва,9217,Надежда,Морозова,6,Яблоко,2,280
296,2022-06-08T00:00:00,2,Ярославль,4906,Сергей,Новиков,7,Средство для мытья посуды,1,200
297,2022-06-08T00:00:00,1,Ростов,2317,Ольга,Волкова,10,Томаты,4,200
298,2022-06-08T00:00:00,0,Москва,2917,Ольга,Орлова,0,Молоко 1%,3,300
299,2022-06-08T00:00:00,0,Москва,7507,Константин,Попов,11,Хлеб ржаной,1,20
300,2022-06-08T00:00:00,0,Москва,1510,Евгения,Лебедева,6,Яблоко,3,420
301,2022-06-08T00:00:00,2,Ярославль,1510,Евгения,Лебедева,2,Молоко 5%,3,450
302,2022-06-08T00:00:00,0,Москва,5519,Оксана,Лебедева,4,Сахар песок,3,150
303,2022-06-08T00:00:00,1,Ростов,7707,Константин,Соколов,7,Средство для мытья посуды,2,400
304,2022-06-08T00:00:00,2,Ярославль,5609,Александр,Васильев,5,Яблоко молодильное,5,2000
305,2022-06-08T00:00:00,0,Москва,7901,Константин,Новиков,7,Средство для мытья посуды,5,1000
306,2022-06-08T00:00:00,1,Ростов,901,Иван,Новиков,5,Яблоко молодильное,1,400
307,2022-06-08T00:00:00,2,Ярославль,9002,Эдуард,Иванов,11,Хлеб ржаной,4,80
308,2022-06-08T00:00:00,0,Москва,1400,Евгений,Кузнецов,1,Молоко 3%,1,120
309,2022-06-08T00:00:00,1,Ростов,4614,Екатерина,Егорова,0,Молоко 1%,4,400
310,2022-06-08T00:00:00,0,Москва,6015,Елизавета,Великая,4,Сахар песок,5,250
311,2022-06-08T00:00:00,0,Москва,1317,Евгения,Волкова,3,Устройство для нагревания табака Трубка Мира,1,500
312,2022-06-08T00:00:00,2,Ярославль,8000,Геннадий,Иванов,0,Молоко 1%,4,400
313,2022-06-08T00:00:00,2,Ярославль,6401,Алексей,Кузнецов,10,Томаты,3,150
314,2022-06-08T00:00:00,1,Ростов,5405,Александр,Кузнецов,5,Яблоко молодильное,3,1200
315,2022-06-08T00:00:00,1,Ростов,5910,Оксана,Орлова,5,Яблоко молодильное,1,400
316,2022-06-08T00:00:00,0,Москва,8408,Геннадий,Кузнецов,8,Лампочка LED,5,1500
317,2022-06-08T00:00:00,1,Ростов,6512,Елизавета,Лебедева,5,Яблоко молодильное,3,1200
318,2022-06-08T00:00:00,1,Ростов,1005,Евгений,Иванов,4,Сахар песок,4,200
319,2022-06-08T00:00:00,1,Ростов,218,Александра,Морозова,10,Томаты,2,100
320,2022-06-08T00:00:00,0,Москва,6413,Елизавета,Алексеева,7,Средство для мытья посуды,5,1000
321,2022-06-08T00:00:00,2,Ярославль,5812,Оксана,Козлова,7,Средство для мытья посуды,2,400
322,2022-06-08T00:00:00,2,Ярославль,2905,Петр,Новиков,1,Молоко 3%,1,120
323,2022-06-08T00:00:00,2,Ярославль,3006,Олег,Иванов,7,Средство для мытья посуды,1,200
324,2022-06-08T00:00:00,0,Москва,4002,Сергей,Иванов,4,Сахар песок,4,200
325,2022-06-08T00:00:00,1,Ростов,317,Александра,Волкова,1,Молоко 3%,1,120
326,2022-06-08T00:00:00,0,Москва,4701,Сергей,Соколов,3,Устройство для нагревания табака Трубка Мира,3,1500
327,2022-06-08T00:00:00,2,Ярославль,600,Иван,Васильев,6,Яблоко,2,280
328,2022-06-08T00:00:00,1,Ростов,4719,Екатерина,Павлова,8,Лампочка LED,3,900
329,2022-06-08T00:00:00,2,Ярославль,6211,Елизавета,Морозова,9,Ручка шариковая,5,225
330,2022-06-08T00:00:00,0,Москва,2217,Ольга,Морозова,0,Молоко 1%,2,200
331,2022-06-08T00:00:00,0,Москва,7007,Константин,Иванов,8,Лампочка LED,1,300
332,2022-06-08T00:00:00,2,Ярославль,4604,Сергей,Васильев,1,Молоко 3%,3,360
333,2022-06-08T00:00:00,1,Ростов,4503,Сергей,Попов,6,Яблоко,2,280
334,2022-06-08T00:00:00,0,Москва,3517,Светлана,Лебедева,9,Ручка шариковая,2,90
335,2022-06-08T00:00:00,1,Ростов,108,Иван,Петров,6,Яблоко,4,560
336,2022-06-08T00:00:00,1,Ростов,1002,Евгений,Иванов,4,Сахар песок,3,150
337,2022-06-08T00:00:00,1,Ростов,1317,Евгения,Волкова,7,Средство для мытья посуды,3,600
338,2022-06-08T00:00:00,0,Москва,312,Александра,Волкова,4,Сахар песок,1,50
339,2022-06-08T00:00:00,2,Ярославль,6509,Алексей,Попов,0,Молоко 1%,3,300
340,2022-06-08T00:00:00,2,Ярославль,3801,Олег,Михайлов,8,Лампочка LED,4,1200
341,2022-06-08T00:00:00,0,Москва,5505,Александр,Попов,5,Яблоко молодильное,2,800
342,2022-06-08T00:00:00,0,Москва,9218,Надежда,Морозова,11,Хлеб ржаной,1,20
343,2022-06-08T00:00:00,0,Москва,1706,Евгений,Соколов,8,Лампочка LED,5,1500
344,2022-06-08T00:00:00,0,Москва,9605,Эдуард,Васильев,3,Устройство для нагревания табака Трубка Мира,1,500
345,2022-06-08T00:00:00,2,Ярославль,3416,Светлана,Алексеева,9,Ручка шариковая,1,45
346,2022-06-08T00:00:00,0,Москва,515,Александра,Лебедева,4,Сахар песок,2,100
347,2022-06-08T00:00:00,1,Ростов,3011,Светлана,Великая,7,Средство для мытья посуды,5,1000
348,2022-06-08T00:00:00,2,Ярославль,6501,Алексей,Попов,7,Средство для мытья посуды,5,1000
349,2022-06-08T00:00:00,0,Москва,2301,Петр,Смирнов,4,Сахар песок,5,250
350,2022-06-08T00:00:00,0,Москва,2100,Петр,Петров,1,Молоко 3%,2,240
351,2022-06-08T00:00:00,2,Ярославль,5617,Оксана,Егорова,1,Молоко 3%,2,240
352,2022-06-08T00:00:00,1,Ростов,3812,Светлана,Козлова,2,Молоко 5%,1,150
353,2022-06-08T00:00:00,1,Ростов,7904,Константин,Новиков,1,Молоко 3%,3,360
354,2022-06-08T00:00:00,1,Ростов,6709,Алексей,Соколов,6,Яблоко,3,420
355,2022-06-08T00:00:00,0,Москва,2318,Ольга,Волкова,4,Сахар песок,4,200
356,2022-06-08T00:00:00,1,Ростов,7908,Константин,Новиков,0,Молоко 1%,4,400
357,2022-06-08T00:00:00,0,Москва,401,Иван,Кузнецов,5,Яблоко молодильное,5,2000
358,2022-06-08T00:00:00,0,Москва,9804,Эдуард,Михайлов,1,Молоко 3%,1,120
359,2022-06-08T00:00:00,2,Ярославль,6008,Алексей,Иванов,7,Средство для мытья посуды,1,200
360,2022-06-08T00:00:00,2,Ярославль,1316,Евгения,Волкова,9,Ручка шариковая,1,45
361,2022-06-08T00:00:00,1,Ростов,7901,Константин,Новиков,2,Молоко 5%,1,150
362,2022-06-08T00:00:00,1,Ростов,2806,Петр,Михайлов,9,Ручка шариковая,4,180
363,2022-06-08T00:00:00,2,Ярославль,6400,Алексей,Кузнецов,9,Ручка шариковая,3,135
364,2022-06-08T00:00:00,1,Ростов,5913,Оксана,Орлова,8,Лампочка LED,3,900
365,2022-06-08T00:00:00,1,Ростов,1816,Евгения,Козлова,2,Молоко 5%,2,300
366,2022-06-08T00:00:00,2,Ярославль,6119,Елизавета,Федорова,1,Молоко 3%,1,120
367,2022-06-08T00:00:00,0,Москва,1212,Евгения,Морозова,8,Лампочка LED,5,1500
368,2022-06-08T00:00:00,0,Москва,5411,Оксана,Алексеева,9,Ручка шариковая,5,225
369,2022-06-08T00:00:00,1,Ростов,9209,Эдуард,Сидоров,9,Ручка шариковая,1,45
370,2022-06-08T00:00:00,0,Москва,1007,Евгений,Иванов,0,Молоко 1%,5,500
371,2022-06-08T00:00:00,1,Ростов,1406,Евгений,Кузнецов,7,Средство для мытья посуды,1,200
372,2022-06-08T00:00:00,1,Ростов,3304,Олег,Смирнов,7,Средство для мытья посуды,3,600
373,2022-06-08T00:00:00,1,Ростов,4111,Екатерина,Федорова,8,Лампочка LED,4,1200
374,2022-06-08T00:00:00,2,Ярославль,2618,Ольга,Егорова,5,Яблоко молодильное,3,1200
375,2022-06-08T00:00:00,2,Ярославль,3418,Светлана,Алексеева,9,Ручка шариковая,3,135
376,2022-06-08T00:00:00,1,Ростов,9102,Эдуард,Петров,4,Сахар песок,2,100
377,2022-06-08T00:00:00,1,Ростов,904,Иван,Новиков,9,Ручка шариковая,5,225
378,2022-06-08T00:00:00,2,Ярославль,6808,Алексей,Михайлов,11,Хлеб ржаной,1,20
379,2022-06-08T00:00:00,0,Москва,1617,Евгения,Егорова,9,Ручка шариковая,5,225
380,2022-06-08T00:00:00,2,Ярославль,6703,Алексей,Соколов,1,Молоко 3%,5,600
381,2022-06-08T00:00:00,1,Ростов,2807,Петр,Михайлов,4,Сахар песок,5,250
382,2022-06-08T00:00:00,2,Ярославль,2912,Ольга,Орлова,4,Сахар песок,2,100
383,2022-06-08T00:00:00,2,Ярославль,2413,Ольга,Алексеева,11,Хлеб ржаной,1,20
384,2022-06-08T00:00:00,2,Ярославль,1913,Евгения,Орлова,4,Сахар песок,3,150
385,2022-06-08T00:00:00,0,Москва,8513,Снежанна,Лебедева,7,Средство для мытья посуды,1,200
386,2022-06-08T00:00:00,1,Ростов,9605,Эдуард,Васильев,10,Томаты,1,50
387,2022-06-08T00:00:00,0,Москва,6116,Елизавета,Федорова,4,Сахар песок,3,150
388,2022-06-08T00:00:00,0,Москва,5300,Александр,Смирнов,2,Молоко 5%,5,750
389,2022-06-08T00:00:00,2,Ярославль,4303,Сергей,Смирнов,3,Устройство для нагревания табака Трубка Мира,4,2000
390,2022-06-08T00:00:00,0,Москва,810,Александра,Козлова,7,Средство для мытья посуды,5,1000
391,2022-06-08T00:00:00,2,Ярославль,9905,Эдуард,Новиков,0,Молоко 1%,2,200
392,2022-06-08T00:00:00,0,Москва,3614,Светлана,Егорова,2,Молоко 5%,5,750
393,2022-06-08T00:00:00,1,Ростов,2317,Ольга,Волкова,11,Хлеб ржаной,5,100
394,2022-06-08T00:00:00,2,Ярославль,314,Александра,Волкова,10,Томаты,5,250
395,2022-06-08T00:00:00,0,Москва,100,Иван,Петров,1,Молоко 3%,1,120
396,2022-06-08T00:00:00,1,Ростов,7310,Анна,Волкова,1,Молоко 3%,5,600
397,2022-06-08T00:00:00,0,Москва,9217,Надежда,Морозова,6,Яблоко,2,280
398,2022-06-08T00:00:00,2,Ярославль,4906,Сергей,Новиков,7,Средство для мытья посуды,1,200
399,2022-06-08T00:00:00,1,Ростов,2317,Ольга,Волкова,10,Томаты,4,200
400,2022-06-08T00:00:00,0,Москва,2917,Ольга,Орлова,0,Молоко 1%,3,300
401,2022-06-08T00:00:00,0,Москва,7507,Константин,Попов,11,Хлеб ржаной,1,20
402,2022-06-08T00:00:00,0,Москва,1510,Евгения,Лебедева,6,Яблоко,3,420
403,2022-06-08T00:00:00,2,Ярославль,1510,Евгения,Лебедева,2,Молоко 5%,3,450
404,2022-06-08T00:00:00,0,Москва,5519,Оксана,Лебедева,4,Сахар песок,3,150
405,2022-06-08T00:00:00,1,Ростов,7707,Константин,Соколов,7,Средство для мытья посуды,2,400
406,2022-06-08T00:00:00,2,Ярославль,5609,Александр,Васильев,5,Яблоко молодильное,5,2000
407,2022-06-08T00:00:00,0,Москва,7901,Константин,Новиков,7,Средство для мытья посуды,5,1000
408,2022-06-08T00:00:00,1,Ростов,901,Иван,Новиков,5,Яблоко молодильное,1,400
409,2022-06-08T00:00:00,2,Ярославль,9002,Эдуард,Иванов,11,Хлеб ржаной,4,80
410,2022-06-08T00:00:00,0,Москва,1400,Евгений,Кузнецов,1,Молоко 3%,1,120
411,2022-06-08T00:00:00,1,Ростов,4614,Екатерина,Егорова,0,Молоко 1%,4,400
412,2022-06-08T00:00:00,0,Москва,6015,Елизавета,Великая,4,Сахар песок,5,250
413,2022-06-08T00:00:00,0,Москва,1317,Евгения,Волкова,3,Устройство для нагревания табака Трубка Мира,1,500
414,2022-06-08T00:00:00,2,Ярославль,8000,Геннадий,Иванов,0,Молоко 1%,4,400
415,2022-06-08T00:00:00,2,Ярославль,6401,Алексей,Кузнецов,10,Томаты,3,150
416,2022-06-08T00:00:00,1,Ростов,5405,Александр,Кузнецов,5,Яблоко молодильное,3,1200
417,2022-06-08T00:00:00,1,Ростов,5910,Оксана,Орлова,5,Яблоко молодильное,1,400
418,2022-06-08T00:00:00,0,Москва,8408,Геннадий,Кузнецов,8,Лампочка LED,5,1500
419,2022-06-08T00:00:00,1,Ростов,6512,Елизавета,Лебедева,5,Яблоко молодильное,3,1200
420,2022-06-08T00:00:00,1,Ростов,1005,Евгений,Иванов,4,Сахар песок,4,200
421,2022-06-08T00:00:00,1,Ростов,218,Александра,Морозова,10,Томаты,2,100
422,2022-06-08T00:00:00,0,Москва,6413,Елизавета,Алексеева,7,Средство для мытья посуды,5,1000
423,2022-06-08T00:00:00,2,Ярославль,5812,Оксана,Козлова,7,Средство для мытья посуды,2,400
424,2022-06-08T00:00:00,2,Ярославль,2905,Петр,Новиков,1,Молоко 3%,1,120
425,2022-06-08T00:00:00,2,Ярославль,3006,Олег,Иванов,7,Средство для мытья посуды,1,200
426,2022-06-08T00:00:00,0,Москва,4002,Сергей,Иванов,4,Сахар песок,4,200
427,2022-06-08T00:00:00,1,Ростов,317,Александра,Волкова,1,Молоко 3%,1,120
428,2022-06-08T00:00:00,0,Москва,4701,Сергей,Соколов,3,Устройство для нагревания табака Трубка Мира,3,1500
429,2022-06-08T00:00:00,2,Ярославль,600,Иван,Васильев,6,Яблоко,2,280
430,2022-06-08T00:00:00,1,Ростов,4719,Екатерина,Павлова,8,Лампочка LED,3,900
431,2022-06-08T00:00:00,2,Ярославль,6211,Елизавета,Морозова,9,Ручка шариковая,5,225
432,2022-06-08T00:00:00,0,Москва,2217,Ольга,Морозова,0,Молоко 1%,2,200
433,2022-06-08T00:00:00,0,Москва,7007,Константин,Иванов,8,Лампочка LED,1,300
434,2022-06-08T00:00:00,2,Ярославль,4604,Сергей,Васильев,1,Молоко 3%,3,360
435,2022-06-08T00:00:00,1,Ростов,4503,Сергей,Попов,6,Яблоко,2,280
436,2022-06-08T00:00:00,0,Москва,3517,Светлана,Лебедева,9,Ручка шариковая,2,90
437,2022-06-08T00:00:00,1,Ростов,108,Иван,Петров,6,Яблоко,4,560
438,2022-06-08T00:00:00,1,Ростов,1002,Евгений,Иванов,4,Сахар песок,3,150
439,2022-06-08T00:00:00,1,Ростов,1317,Евгения,Волкова,7,Средство для мытья посуды,3,600
440,2022-06-08T00:00:00,0,Москва,312,Александра,Волкова,4,Сахар песок,1,50
441,2022-06-08T00:00:00,2,Ярославль,6509,Алексей,Попов,0,Молоко 1%,3,300
442,2022-06-08T00:00:00,2,Ярославль,3801,Олег,Михайлов,8,Лампочка LED,4,1200
443,2022-06-08T00:00:00,0,Москва,5505,Александр,Попов,5,Яблоко молодильное,2,800
444,2022-06-08T00:00:00,0,Москва,9218,Надежда,Морозова,11,Хлеб ржаной,1,20
445,2022-06-08T00:00:00,0,Москва,1706,Евгений,Соколов,8,Лампочка LED,5,1500
446,2022-06-08T00:00:00,0,Москва,9605,Эдуард,Васильев,3,Устройство для нагревания табака Трубка Мира,1,500
447,2022-06-08T00:00:00,2,Ярославль,3416,Светлана,Алексеева,9,Ручка шариковая,1,45
448,2022-06-08T00:00:00,0,Москва,515,Александра,Лебедева,4,Сахар песок,2,100
449,2022-06-08T00:00:00,1,Ростов,3011,Светлана,Великая,7,Средство для мытья посуды,5,1000
450,2022-06-08T00:00:00,2,Ярославль,6501,Алексей,Попов,7,Средство для мытья посуды,5,1000
451,2022-06-08T00:00:00,0,Москва,2301,Петр,Смирнов,4,Сахар песок,5,250
452,2022-06-08T00:00:00,0,Москва,2100,Петр,Петров,1,Молоко 3%,2,240
453,2022-06-08T00:00:00,2,Ярославль,5617,Оксана,Егорова,1,Молоко 3%,2,240
454,2022-06-08T00:00:00,1,Ростов,3812,Светлана,Козлова,2,Молоко 5%,1,150
455,2022-06-08T00:00:00,1,Ростов,7904,Константин,Новиков,1,Молоко 3%,3,360
456,2022-06-08T00:00:00,1,Ростов,6709,Алексей,Соколов,6,Яблоко,3,420
457,2022-06-08T00:00:00,0,Москва,2318,Ольга,Волкова,4,Сахар песок,4,200
458,2022-06-08T00:00:00,1,Ростов,7908,Константин,Новиков,0,Молоко 1%,4,400
459,2022-06-08T00:00:00,0,Москва,401,Иван,Кузнецов,5,Яблоко молодильное,5,2000
460,2022-06-08T00:00:00,0,Москва,9804,Эдуард,Михайлов,1,Молоко 3%,1,120
461,2022-06-08T00:00:00,2,Ярославль,6008,Алексей,Иванов,7,Средство для мытья посуды,1,200
462,2022-06-08T00:00:00,2,Ярославль,1316,Евгения,Волкова,9,Ручка шариковая,1,45
463,2022-06-08T00:00:00,1,Ростов,7901,Константин,Новиков,2,Молоко 5%,1,150
464,2022-06-08T00:00:00,1,Ростов,2806,Петр,Михайлов,9,Ручка шариковая,4,180
465,2022-06-08T00:00:00,2,Ярославль,6400,Алексей,Кузнецов,9,Ручка шариковая,3,135
466,2022-06-08T00:00:00,1,Ростов,5913,Оксана,Орлова,8,Лампочка LED,3,900
467,2022-06-08T00:00:00,1,Ростов,1816,Евгения,Козлова,2,Молоко 5%,2,300
468,2022-06-08T00:00:00,2,Ярославль,6119,Елизавета,Федорова,1,Молоко 3%,1,120
469,2022-06-08T00:00:00,0,Москва,1212,Евгения,Морозова,8,Лампочка LED,5,1500
470,2022-06-08T00:00:00,0,Москва,5411,Оксана,Алексеева,9,Ручка шариковая,5,225
471,2022-06-08T00:00:00,1,Ростов,9209,Эдуард,Сидоров,9,Ручка шариковая,1,45
472,2022-06-08T00:00:00,0,Москва,1007,Евгений,Иванов,0,Молоко 1%,5,500
473,2022-06-08T00:00:00,1,Ростов,1406,Евгений,Кузнецов,7,Средство для мытья посуды,1,200
474,2022-06-08T00:00:00,1,Ростов,3304,Олег,Смирнов,7,Средство для мытья посуды,3,600
475,2022-06-08T00:00:00,1,Ростов,4111,Екатерина,Федорова,8,Лампочка LED,4,1200
476,2022-06-08T00:00:00,2,Ярославль,2618,Ольга,Егорова,5,Яблоко молодильное,3,1200
477,2022-06-08T00:00:00,2,Ярославль,3418,Светлана,Алексеева,9,Ручка шариковая,3,135
478,2022-06-08T00:00:00,1,Ростов,9102,Эдуард,Петров,4,Сахар песок,2,100
479,2022-06-08T00:00:00,1,Ростов,904,Иван,Новиков,9,Ручка шариковая,5,225
480,2022-06-08T00:00:00,2,Ярославль,6808,Алексей,Михайлов,11,Хлеб ржаной,1,20
481,2022-06-08T00:00:00,0,Москва,1617,Евгения,Егорова,9,Ручка шариковая,5,225
482,2022-06-08T00:00:00,2,Ярославль,6703,Алексей,Соколов,1,Молоко 3%,5,600
483,2022-06-08T00:00:00,1,Ростов,2807,Петр,Михайлов,4,Сахар песок,5,250
484,2022-06-08T00:00:00,2,Ярославль,2912,Ольга,Орлова,4,Сахар песок,2,100
485,2022-06-08T00:00:00,2,Ярославль,2413,Ольга,Алексеева,11,Хлеб ржаной,1,20
486,2022-06-08T00:00:00,2,Ярославль,1913,Евгения,Орлова,4,Сахар песок,3,150
487,2022-06-08T00:00:00,0,Москва,8513,Снежанна,Лебедева,7,Средство для мытья посуды,1,200
488,2022-06-08T00:00:00,1,Ростов,9605,Эдуард,Васильев,10,Томаты,1,50
489,2022-06-08T00:00:00,0,Москва,6116,Елизавета,Федорова,4,Сахар песок,3,150
490,2022-06-08T00:00:00,0,Москва,5300,Александр,Смирнов,2,Молоко 5%,5,750
491,2022-06-08T00:00:00,2,Ярославль,4303,Сергей,Смирнов,3,Устройство для нагревания табака Трубка Мира,4,2000
492,2022-06-08T00:00:00,0,Москва,810,Александра,Козлова,7,Средство для мытья посуды,5,1000
493,2022-06-08T00:00:00,2,Ярославль,9905,Эдуард,Новиков,0,Молоко 1%,2,200
494,2022-06-08T00:00:00,0,Москва,3614,Светлана,Егорова,2,Молоко 5%,5,750
495,2022-06-08T00:00:00,1,Ростов,2317,Ольга,Волкова,11,Хлеб ржаной,5,100
496,2022-06-08T00:00:00,2,Ярославль,314,Александра,Волкова,10,Томаты,5,250
497,2022-06-08T00:00:00,0,Москва,100,Иван,Петров,1,Молоко 3%,1,120
498,2022-06-08T00:00:00,1,Ростов,7310,Анна,Волкова,1,Молоко 3%,5,600
499,2022-06-08T00:00:00,0,Москва,9217,Надежда,Морозова,6,Яблоко,2,280
500,2022-06-08T00:00:00,2,Ярославль,4906,Сергей,Новиков,7,Средство для мытья посуды,1,200
501,2022-06-08T00:00:00,1,Ростов,2317,Ольга,Волкова,10,Томаты,4,200
502,2022-06-08T00:00:00,0,Москва,2917,Ольга,Орлова,0,Молоко 1%,3,300
503,2022-06-08T00:00:00,0,Москва,7507,Константин,Попов,11,Хлеб ржаной,1,20
504,2022-06-08T00:00:00,0,Москва,1510,Евгения,Лебедева,6,Яблоко,3,420
505,2022-06-08T00:00:00,2,Ярославль,1510,Евгения,Лебедева,2,Молоко 5%,3,450
506,2022-06-08T00:00:00,0,Москва,5519,Оксана,Лебедева,4,Сахар песок,3,150
507,2022-06-08T00:00:00,1,Ростов,7707,Константин,Соколов,7,Средство для мытья посуды,2,400
508,2022-06-08T00:00:00,2,Ярославль,5609,Александр,Васильев,5,Яблоко молодильное,5,2000
509,2022-06-08T00:00:00,0,Москва,7901,Константин,Новиков,7,Средство для мытья посуды,5,1000
510,2022-06-08T00:00:00,1,Ростов,901,Иван,Новиков,5,Яблоко молодильное,1,400
511,2022-06-08T00:00:00,2,Ярославль,9002,Эдуард,Иванов,11,Хлеб ржаной,4,80
512,2022-06-08T00:00:00,0,Москва,1400,Евгений,Кузнецов,1,Молоко 3%,1,120
513,2022-06-08T00:00:00,1,Ростов,4614,Екатерина,Егорова,0,Молоко 1%,4,400
514,2022-06-08T00:00:00,0,Москва,6015,Елизавета,Великая,4,Сахар песок,5,250
515,2022-06-08T00:00:00,0,Москва,1317,Евгения,Волкова,3,Устройство для нагревания табака Трубка Мира,1,500
516,2022-06-08T00:00:00,2,Ярославль,8000,Геннадий,Иванов,0,Молоко 1%,4,400
517,2022-06-08T00:00:00,2,Ярославль,6401,Алексей,Кузнецов,10,Томаты,3,150
518,2022-06-08T00:00:00,1,Ростов,5405,Александр,Кузнецов,5,Яблоко молодильное,3,1200
519,2022-06-08T00:00:00,1,Ростов,5910,Оксана,Орлова,5,Яблоко молодильное,1,400
520,2022-06-08T00:00:00,0,Москва,8408,Геннадий,Кузнецов,8,Лампочка LED,5,1500
521,2022-06-08T00:00:00,1,Ростов,6512,Елизавета,Лебедева,5,Яблоко молодильное,3,1200
522,2022-06-08T00:00:00,1,Ростов,1005,Евгений,Иванов,4,Сахар песок,4,200
523,2022-06-08T00:00:00,1,Ростов,218,Александра,Морозова,10,Томаты,2,100
524,2022-06-08T00:00:00,0,Москва,6413,Елизавета,Алексеева,7,Средство для мытья посуды,5,1000
525,2022-06-08T00:00:00,2,Ярославль,5812,Оксана,Козлова,7,Средство для мытья посуды,2,400
526,2022-06-08T00:00:00,2,Ярославль,2905,Петр,Новиков,1,Молоко 3%,1,120
527,2022-06-08T00:00:00,2,Ярославль,3006,Олег,Иванов,7,Средство для мытья посуды,1,200
528,2022-06-08T00:00:00,0,Москва,4002,Сергей,Иванов,4,Сахар песок,4,200
529,2022-06-08T00:00:00,1,Ростов,317,Александра,Волкова,1,Молоко 3%,1,120
530,2022-06-08T00:00:00,0,Москва,4701,Сергей,Соколов,3,Устройство для нагревания табака Трубка Мира,3,1500
531,2022-06-08T00:00:00,2,Ярославль,600,Иван,Васильев,6,Яблоко,2,280
532,2022-06-08T00:00:00,1,Ростов,4719,Екатерина,Павлова,8,Лампочка LED,3,900
533,2022-06-08T00:00:00,2,Ярославль,6211,Елизавета,Морозова,9,Ручка шариковая,5,225
534,2022-06-08T00:00:00,0,Москва,2217,Ольга,Морозова,0,Молоко 1%,2,200
535,2022-06-08T00:00:00,0,Москва,7007,Константин,Иванов,8,Лампочка LED,1,300
536,2022-06-08T00:00:00,2,Ярославль,4604,Сергей,Васильев,1,Молоко 3%,3,360
537,2022-06-08T00:00:00,1,Ростов,4503,Сергей,Попов,6,Яблоко,2,280
538,2022-06-08T00:00:00,0,Москва,3517,Светлана,Лебедева,9,Ручка шариковая,2,90
539,2022-06-08T00:00:00,1,Ростов,108,Иван,Петров,6,Яблоко,4,560
540,2022-06-08T00:00:00,1,Ростов,1002,Евгений,Иванов,4,Сахар песок,3,150
541,2022-06-08T00:00:00,1,Ростов,1317,Евгения,Волкова,7,Средство для мытья посуды,3,600
542,2022-06-08T00:00:00,0,Москва,312,Александра,Волкова,4,Сахар песок,1,50
543,2022-06-08T00:00:00,2,Ярославль,6509,Алексей,Попов,0,Молоко 1%,3,300
544,2022-06-08T00:00:00,2,Ярославль,3801,Олег,Михайлов,8,Лампочка LED,4,1200
545,2022-06-08T00:00:00,0,Москва,5505,Александр,Попов,5,Яблоко молодильное,2,800
546,2022-06-08T00:00:00,0,Москва,9218,Надежда,Морозова,11,Хлеб ржаной,1,20
547,2022-06-08T00:00:00,0,Москва,1706,Евгений,Соколов,8,Лампочка LED,5,1500
548,2022-06-08T00:00:00,0,Москва,9605,Эдуард,Васильев,3,Устройство для нагревания табака Трубка Мира,1,500
549,2022-06-08T00:00:00,2,Ярославль,3416,Светлана,Алексеева,9,Ручка шариковая,1,45
550,2022-06-08T00:00:00,0,Москва,515,Александра,Лебедева,4,Сахар песок,2,100
551,2022-06-08T00:00:00,1,Ростов,3011,Светлана,Великая,7,Средство для мытья посуды,5,1000
552,2022-06-08T00:00:00,2,Ярославль,6501,Алексей,Попов,7,Средство для мытья посуды,5,1000
553,2022-06-08T00:00:00,0,Москва,2301,Петр,Смирнов,4,Сахар песок,5,250
554,2022-06-08T00:00:00,0,Москва,2100,Петр,Петров,1,Молоко 3%,2,240
555,2022-06-08T00:00:00,2,Ярославль,5617,Оксана,Егорова,1,Молоко 3%,2,240
556,2022-06-08T00:00:00,1,Ростов,3812,Светлана,Козлова,2,Молоко 5%,1,150
557,2022-06-08T00:00:00,1,Ростов,7904,Константин,Новиков,1,Молоко 3%,3,360
558,2022-06-08T00:00:00,1,Ростов,6709,Алексей,Соколов,6,Яблоко,3,420
559,2022-06-08T00:00:00,0,Москва,2318,Ольга,Волкова,4,Сахар песок,4,200
560,2022-06-08T00:00:00,1,Ростов,7908,Константин,Новиков,0,Молоко 1%,4,400
561,2022-06-08T00:00:00,0,Москва,401,Иван,Кузнецов,5,Яблоко молодильное,5,2000
562,2022-06-08T00:00:00,0,Москва,9804,Эдуард,Михайлов,1,Молоко 3%,1,120
563,2022-06-08T00:00:00,2,Ярославль,6008,Алексей,Иванов,7,Средство для мытья посуды,1,200
564,2022-06-08T00:00:00,2,Ярославль,1316,Евгения,Волкова,9,Ручка шариковая,1,45
565,2022-06-08T00:00:00,1,Ростов,7901,Константин,Новиков,2,Молоко 5%,1,150
566,2022-06-08T00:00:00,1,Ростов,2806,Петр,Михайлов,9,Ручка шариковая,4,180
567,2022-06-08T00:00:00,2,Ярославль,6400,Алексей,Кузнецов,9,Ручка шариковая,3,135
568,2022-06-08T00:00:00,1,Ростов,5913,Оксана,Орлова,8,Лампочка LED,3,900
569,2022-06-08T00:00:00,1,Ростов,1816,Евгения,Козлова,2,Молоко 5%,2,300
570,2022-06-08T00:00:00,2,Ярославль,6119,Елизавета,Федорова,1,Молоко 3%,1,120
571,2022-06-08T00:00:00,0,Москва,1212,Евгения,Морозова,8,Лампочка LED,5,1500
572,2022-06-08T00:00:00,0,Москва,5411,Оксана,Алексеева,9,Ручка шариковая,5,225
573,2022-06-08T00:00:00,1,Ростов,9209,Эдуард,Сидоров,9,Ручка шариковая,1,45
574,2022-06-08T00:00:00,0,Москва,1007,Евгений,Иванов,0,Молоко 1%,5,500
575,2022-06-08T00:00:00,1,Ростов,1406,Евгений,Кузнецов,7,Средство для мытья посуды,1,200
576,2022-06-08T00:00:00,1,Ростов,3304,Олег,Смирнов,7,Средство для мытья посуды,3,600
577,2022-06-08T00:00:00,1,Ростов,4111,Екатерина,Федорова,8,Лампочка LED,4,1200
578,2022-06-08T00:00:00,2,Ярославль,2618,Ольга,Егорова,5,Яблоко молодильное,3,1200
579,2022-06-08T00:00:00,2,Ярославль,3418,Светлана,Алексеева,9,Ручка шариковая,3,135
580,2022-06-08T00:00:00,1,Ростов,9102,Эдуард,Петров,4,Сахар песок,2,100
581,2022-06-08T00:00:00,1,Ростов,904,Иван,Новиков,9,Ручка шариковая,5,225
582,2022-06-08T00:00:00,2,Ярославль,6808,Алексей,Михайлов,11,Хлеб ржаной,1,20
583,2022-06-08T00:00:00,0,Москва,1617,Евгения,Егорова,9,Ручка шариковая,5,225
584,2022-06-08T00:00:00,2,Ярославль,6703,Алексей,Соколов,1,Молоко 3%,5,600
585,2022-06-08T00:00:00,1,Ростов,2807,Петр,Михайлов,4,Сахар песок,5,250
586,2022-06-08T00:00:00,2,Ярославль,2912,Ольга,Орлова,4,Сахар песок,2,100
587,2022-06-08T00:00:00,2,Ярославль,2413,Ольга,Алексеева,11,Хлеб ржаной,1,20
588,2022-06-08T00:00:00,2,Ярославль,1913,Евгения,Орлова,4,Сахар песок,3,150
589,2022-06-08T00:00:00,0,Москва,8513,Снежанна,Лебедева,7,Средство для мытья посуды,1,200
590,2022-06-08T00:00:00,1,Ростов,9605,Эдуард,Васильев,10,Томаты,1,50
591,2022-06-08T00:00:00,0,Москва,6116,Елизавета,Федорова,4,Сахар песок,3,150
592,2022-06-08T00:00:00,0,Москва,5300,Александр,Смирнов,2,Молоко 5%,5,750
593,2022-06-08T00:00:00,2,Ярославль,4303,Сергей,Смирнов,3,Устройство для нагревания табака Трубка Мира,4,2000
594,2022-06-08T00:00:00,0,Москва,810,Александра,Козлова,7,Средство для мытья посуды,5,1000
595,2022-06-08T00:00:00,2,Ярославль,9905,Эдуард,Новиков,0,Молоко 1%,2,200
596,2022-06-08T00:00:00,0,Москва,3614,Светлана,Егорова,2,Молоко 5%,5,750
597,2022-06-08T00:00:00,1,Ростов,2317,Ольга,Волкова,11,Хлеб ржаной,5,100
598,2022-06-08T00:00:00,2,Ярославль,314,Александра,Волкова,10,Томаты,5,250
599,2022-06-08T00:00:00,0,Москва,100,Иван,Петров,1,Молоко 3%,1,120
600,2022-06-08T00:00:00,1,Ростов,7310,Анна,Волкова,1,Молоко 3%,5,600
601,2022-06-08T00:00:00,0,Москва,9217,Надежда,Морозова,6,Яблоко,2,280
602,2022-06-08T00:00:00,2,Ярославль,4906,Сергей,Новиков,7,Средство для мытья посуды,1,200
603,2022-06-08T00:00:00,1,Ростов,2317,Ольга,Волкова,10,Томаты,4,200
604,2022-06-08T00:00:00,0,Москва,2917,Ольга,Орлова,0,Молоко 1%,3,300
605,2022-06-08T00:00:00,0,Москва,7507,Константин,Попов,11,Хлеб ржаной,1,20
606,2022-06-08T00:00:00,0,Москва,1510,Евгения,Лебедева,6,Яблоко,3,420
607,2022-06-08T00:00:00,2,Ярославль,1510,Евгения,Лебедева,2,Молоко 5%,3,450
608,2022-06-08T00:00:00,0,Москва,5519,Оксана,Лебедева,4,Сахар песок,3,150
609,2022-06-08T00:00:00,1,Ростов,7707,Константин,Соколов,7,Средство для мытья посуды,2,400
610,2022-06-08T00:00:00,2,Ярославль,5609,Александр,Васильев,5,Яблоко молодильное,5,2000
611,2022-06-08T00:00:00,0,Москва,7901,Константин,Новиков,7,Средство для мытья посуды,5,1000
612,2022-06-08T00:00:00,1,Ростов,901,Иван,Новиков,5,Яблоко молодильное,1,400
613,2022-06-08T00:00:00,2,Ярославль,9002,Эдуард,Иванов,11,Хлеб ржаной,4,80
614,2022-06-08T00:00:00,0,Москва,1400,Евгений,Кузнецов,1,Молоко 3%,1,120
615,2022-06-08T00:00:00,1,Ростов,4614,Екатерина,Егорова,0,Молоко 1%,4,400
616,2022-06-08T00:00:00,0,Москва,6015,Елизавета,Великая,4,Сахар песок,5,250
617,2022-06-08T00:00:00,0,Москва,1317,Евгения,Волкова,3,Устройство для нагревания табака Трубка Мира,1,500
618,2022-06-08T00:00:00,2,Ярославль,8000,Геннадий,Иванов,0,Молоко 1%,4,400
619,2022-06-08T00:00:00,2,Ярославль,6401,Алексей,Кузнецов,10,Томаты,3,150
620,2022-06-08T00:00:00,1,Ростов,5405,Александр,Кузнецов,5,Яблоко молодильное,3,1200
621,2022-06-08T00:00:00,1,Ростов,5910,Оксана,Орлова,5,Яблоко молодильное,1,400
622,2022-06-08T00:00:00,0,Москва,8408,Геннадий,Кузнецов,8,Лампочка LED,5,1500
623,2022-06-08T00:00:00,1,Ростов,6512,Елизавета,Лебедева,5,Яблоко молодильное,3,1200
624,2022-06-08T00:00:00,1,Ростов,1005,Евгений,Иванов,4,Сахар песок,4,200
625,2022-06-08T00:00:00,1,Ростов,218,Александра,Морозова,10,Томаты,2,100
626,2022-06-08T00:00:00,0,Москва,6413,Елизавета,Алексеева,7,Средство для мытья посуды,5,1000
627,2022-06-08T00:00:00,2,Ярославль,5812,Оксана,Козлова,7,Средство для мытья посуды,2,400
628,2022-06-08T00:00:00,2,Ярославль,2905,Петр,Новиков,1,Молоко 3%,1,120
629,2022-06-08T00:00:00,2,Ярославль,3006,Олег,Иванов,7,Средство для мытья посуды,1,200
630,2022-06-08T00:00:00,0,Москва,4002,Сергей,Иванов,4,Сахар песок,4,200
631,2022-06-08T00:00:00,1,Ростов,317,Александра,Волкова,1,Молоко 3%,1,120
632,2022-06-08T00:00:00,0,Москва,4701,Сергей,Соколов,3,Устройство для нагревания табака Трубка Мира,3,1500
633,2022-06-08T00:00:00,2,Ярославль,600,Иван,Васильев,6,Яблоко,2,280
634,2022-06-08T00:00:00,1,Ростов,4719,Екатерина,Павлова,8,Лампочка LED,3,900
635,2022-06-08T00:00:00,2,Ярославль,6211,Елизавета,Морозова,9,Ручка шариковая,5,225
636,2022-06-08T00:00:00,0,Москва,2217,Ольга,Морозова,0,Молоко 1%,2,200
637,2022-06-08T00:00:00,0,Москва,7007,Константин,Иванов,8,Лампочка LED,1,300
638,2022-06-08T00:00:00,2,Ярославль,4604,Сергей,Васильев,1,Молоко 3%,3,360
639,2022-06-08T00:00:00,1,Ростов,4503,Сергей,Попов,6,Яблоко,2,280
640,2022-06-08T00:00:00,0,Москва,3517,Светлана,Лебедева,9,Ручка шариковая,2,90
641,2022-06-08T00:00:00,1,Ростов,108,Иван,Петров,6,Яблоко,4,560
642,2022-06-08T00:00:00,1,Ростов,1002,Евгений,Иванов,4,Сахар песок,3,150
643,2022-06-08T00:00:00,1,Ростов,1317,Евгения,Волкова,7,Средство для мытья посуды,3,600
644,2022-06-08T00:00:00,0,Москва,312,Александра,Волкова,4,Сахар песок,1,50
645,2022-06-08T00:00:00,2,Ярославль,6509,Алексей,Попов,0,Молоко 1%,3,300
646,2022-06-08T00:00:00,2,Ярославль,3801,Олег,Михайлов,8,Лампочка LED,4,1200
647,2022-06-08T00:00:00,0,Москва,5505,Александр,Попов,5,Яблоко молодильное,2,800
648,2022-06-08T00:00:00,0,Москва,9218,Надежда,Морозова,11,Хлеб ржаной,1,20
649,2022-06-08T00:00:00,0,Москва,1706,Евгений,Соколов,8,Лампочка LED,5,1500
650,2022-06-08T00:00:00,0,Москва,9605,Эдуард,Васильев,3,Устройство для нагревания табака Трубка Мира,1,500
651,2022-06-08T00:00:00,2,Ярославль,3416,Светлана,Алексеева,9,Ручка шариковая,1,45
652,2022-06-08T00:00:00,0,Москва,515,Александра,Лебедева,4,Сахар песок,2,100
653,2022-06-08T00:00:00,1,Ростов,3011,Светлана,Великая,7,Средство для мытья посуды,5,1000
654,2022-06-08T00:00:00,2,Ярославль,6501,Алексей,Попов,7,Средство для мытья посуды,5,1000
655,2022-06-08T00:00:00,0,Москва,2301,Петр,Смирнов,4,Сахар песок,5,250
656,2022-06-08T00:00:00,0,Москва,2100,Петр,Петров,1,Молоко 3%,2,240
657,2022-06-08T00:00:00,2,Ярославль,5617,Оксана,Егорова,1,Молоко 3%,2,240
658,2022-06-08T00:00:00,1,Ростов,3812,Светлана,Козлова,2,Молоко 5%,1,150
659,2022-06-08T00:00:00,1,Ростов,7904,Константин,Новиков,1,Молоко 3%,3,360
660,2022-06-08T00:00:00,1,Ростов,6709,Алексей,Соколов,6,Яблоко,3,420
661,2022-06-08T00:00:00,0,Москва,2318,Ольга,Волкова,4,Сахар песок,4,200
662,2022-06-08T00:00:00,1,Ростов,7908,Константин,Новиков,0,Молоко 1%,4,400
663,2022-06-08T00:00:00,0,Москва,401,Иван,Кузнецов,5,Яблоко молодильное,5,2000
664,2022-06-08T00:00:00,0,Москва,9804,Эдуард,Михайлов,1,Молоко 3%,1,120
665,2022-06-08T00:00:00,2,Ярославль,6008,Алексей,Иванов,7,Средство для мытья посуды,1,200
666,2022-06-08T00:00:00,2,Ярославль,1316,Евгения,Волкова,9,Ручка шариковая,1,45
667,2022-06-08T00:00:00,1,Ростов,7901,Константин,Новиков,2,Молоко 5%,1,150
668,2022-06-08T00:00:00,1,Ростов,2806,Петр,Михайлов,9,Ручка шариковая,4,180
669,2022-06-08T00:00:00,2,Ярославль,6400,Алексей,Кузнецов,9,Ручка шариковая,3,135
670,2022-06-08T00:00:00,1,Ростов,5913,Оксана,Орлова,8,Лампочка LED,3,900
671,2022-06-08T00:00:00,1,Ростов,1816,Евгения,Козлова,2,Молоко 5%,2,300
672,2022-06-08T00:00:00,2,Ярославль,6119,Елизавета,Федорова,1,Молоко 3%,1,120
673,2022-06-08T00:00:00,0,Москва,1212,Евгения,Морозова,8,Лампочка LED,5,1500
674,2022-06-08T00:00:00,0,Москва,5411,Оксана,Алексеева,9,Ручка шариковая,5,225
675,2022-06-08T00:00:00,1,Ростов,9209,Эдуард,Сидоров,9,Ручка шариковая,1,45
676,2022-06-08T00:00:00,0,Москва,1007,Евгений,Иванов,0,Молоко 1%,5,500
677,2022-06-08T00:00:00,1,Ростов,1406,Евгений,Кузнецов,7,Средство для мытья посуды,1,200
678,2022-06-08T00:00:00,1,Ростов,3304,Олег,Смирнов,7,Средство для мытья посуды,3,600
679,2022-06-08T00:00:00,1,Ростов,4111,Екатерина,Федорова,8,Лампочка LED,4,1200
680,2022-06-08T00:00:00,2,Ярославль,2618,Ольга,Егорова,5,Яблоко молодильное,3,1200
681,2022-06-08T00:00:00,2,Ярославль,3418,Светлана,Алексеева,9,Ручка шариковая,3,135
682,2022-06-08T00:00:00,1,Ростов,9102,Эдуард,Петров,4,Сахар песок,2,100
683,2022-06-08T00:00:00,1,Ростов,904,Иван,Новиков,9,Ручка шариковая,5,225
684,2022-06-08T00:00:00,2,Ярославль,6808,Алексей,Михайлов,11,Хлеб ржаной,1,20
685,2022-06-08T00:00:00,0,Москва,1617,Евгения,Егорова,9,Ручка шариковая,5,225
686,2022-06-08T00:00:00,2,Ярославль,6703,Алексей,Соколов,1,Молоко 3%,5,600
687,2022-06-08T00:00:00,1,Ростов,2807,Петр,Михайлов,4,Сахар песок,5,250
688,2022-06-08T00:00:00,2,Ярославль,2912,Ольга,Орлова,4,Сахар песок,2,100
689,2022-06-08T00:00:00,2,Ярославль,2413,Ольга,Алексеева,11,Хлеб ржаной,1,20
690,2022-06-08T00:00:00,2,Ярославль,1913,Евгения,Орлова,4,Сахар песок,3,150
691,2022-06-08T00:00:00,0,Москва,8513,Снежанна,Лебедева,7,Средство для мытья посуды,1,200
692,2022-06-08T00:00:00,1,Ростов,9605,Эдуард,Васильев,10,Томаты,1,50
693,2022-06-08T00:00:00,0,Москва,6116,Елизавета,Федорова,4,Сахар песок,3,150
694,2022-06-08T00:00:00,0,Москва,5300,Александр,Смирнов,2,Молоко 5%,5,750
695,2022-06-08T00:00:00,2,Ярославль,4303,Сергей,Смирнов,3,Устройство для нагревания табака Трубка Мира,4,2000
696,2022-06-08T00:00:00,0,Москва,810,Александра,Козлова,7,Средство для мытья посуды,5,1000
697,2022-06-08T00:00:00,2,Ярославль,9905,Эдуард,Новиков,0,Молоко 1%,2,200
698,2022-06-08T00:00:00,0,Москва,3614,Светлана,Егорова,2,Молоко 5%,5,750
699,2022-06-08T00:00:00,1,Ростов,2317,Ольга,Волкова,11,Хлеб ржаной,5,100
700,2022-06-08T00:00:00,2,Ярославль,314,Александра,Волкова,10,Томаты,5,250
701,2022-06-08T00:00:00,0,Москва,100,Иван,Петров,1,Молоко 3%,1,120
702,2022-06-08T00:00:00,1,Ростов,7310,Анна,Волкова,1,Молоко 3%,5,600
703,2022-06-08T00:00:00,0,Москва,9217,Надежда,Морозова,6,Яблоко,2,280
704,2022-06-08T00:00:00,2,Ярославль,4906,Сергей,Новиков,7,Средство для мытья посуды,1,200
705,2022-06-08T00:00:00,1,Ростов,2317,Ольга,Волкова,10,Томаты,4,200
706,2022-06-08T00:00:00,0,Москва,2917,Ольга,Орлова,0,Молоко 1%,3,300
707,2022-06-08T00:00:00,0,Москва,7507,Константин,Попов,11,Хлеб ржаной,1,20
708,2022-06-08T00:00:00,0,Москва,1510,Евгения,Лебедева,6,Яблоко,3,420
709,2022-06-08T00:00:00,2,Ярославль,1510,Евгения,Лебедева,2,Молоко 5%,3,450
710,2022-06-08T00:00:00,0,Москва,5519,Оксана,Лебедева,4,Сахар песок,3,150
711,2022-06-08T00:00:00,1,Ростов,7707,Константин,Соколов,7,Средство для мытья посуды,2,400
712,2022-06-08T00:00:00,2,Ярославль,5609,Александр,Васильев,5,Яблоко молодильное,5,2000
713,2022-06-08T00:00:00,0,Москва,7901,Константин,Новиков,7,Средство для мытья посуды,5,1000
714,2022-06-08T00:00:00,1,Ростов,901,Иван,Новиков,5,Яблоко молодильное,1,400
715,2022-06-08T00:00:00,2,Ярославль,9002,Эдуард,Иванов,11,Хлеб ржаной,4,80
716,2022-06-08T00:00:00,0,Москва,1400,Евгений,Кузнецов,1,Молоко 3%,1,120
717,2022-06-08T00:00:00,1,Ростов,4614,Екатерина,Егорова,0,Молоко 1%,4,400
718,2022-06-08T00:00:00,0,Москва,6015,Елизавета,Великая,4,Сахар песок,5,250
719,2022-06-08T00:00:00,0,Москва,1317,Евгения,Волкова,3,Устройство для нагревания табака Трубка Мира,1,500
720,2022-06-08T00:00:00,2,Ярославль,8000,Геннадий,Иванов,0,Молоко 1%,4,400
721,2022-06-08T00:00:00,2,Ярославль,6401,Алексей,Кузнецов,10,Томаты,3,150
722,2022-06-08T00:00:00,1,Ростов,5405,Александр,Кузнецов,5,Яблоко молодильное,3,1200
723,2022-06-08T00:00:00,1,Ростов,5910,Оксана,Орлова,5,Яблоко молодильное,1,400
724,2022-06-08T00:00:00,0,Москва,8408,Геннадий,Кузнецов,8,Лампочка LED,5,1500
725,2022-06-08T00:00:00,1,Ростов,6512,Елизавета,Лебедева,5,Яблоко молодильное,3,1200
726,2022-06-08T00:00:00,1,Ростов,1005,Евгений,Иванов,4,Сахар песок,4,200
727,2022-06-08T00:00:00,1,Ростов,218,Александра,Морозова,10,Томаты,2,100
728,2022-06-08T00:00:00,0,Москва,6413,Елизавета,Алексеева,7,Средство для мытья посуды,5,1000
729,2022-06-08T00:00:00,2,Ярославль,5812,Оксана,Козлова,7,Средство для мытья посуды,2,400
730,2022-06-08T00:00:00,2,Ярославль,2905,Петр,Новиков,1,Молоко 3%,1,120
731,2022-06-08T00:00:00,2,Ярославль,3006,Олег,Иванов,7,Средство для мытья посуды,1,200
732,2022-06-08T00:00:00,0,Москва,4002,Сергей,Иванов,4,Сахар песок,4,200
733,2022-06-08T00:00:00,1,Ростов,317,Александра,Волкова,1,Молоко 3%,1,120
734,2022-06-08T00:00:00,0,Москва,4701,Сергей,Соколов,3,Устройство для нагревания табака Трубка Мира,3,1500
735,2022-06-08T00:00:00,2,Ярославль,600,Иван,Васильев,6,Яблоко,2,280
736,2022-06-08T00:00:00,1,Ростов,4719,Екатерина,Павлова,8,Лампочка LED,3,900
737,2022-06-08T00:00:00,2,Ярославль,6211,Елизавета,Морозова,9,Ручка шариковая,5,225
738,2022-06-08T00:00:00,0,Москва,2217,Ольга,Морозова,0,Молоко 1%,2,200
739,2022-06-08T00:00:00,0,Москва,7007,Константин,Иванов,8,Лампочка LED,1,300
740,2022-06-08T00:00:00,2,Ярославль,4604,Сергей,Васильев,1,Молоко 3%,3,360
741,2022-06-08T00:00:00,1,Ростов,4503,Сергей,Попов,6,Яблоко,2,280
742,2022-06-08T00:00:00,0,Москва,3517,Светлана,Лебедева,9,Ручка шариковая,2,90
743,2022-06-08T00:00:00,1,Ростов,108,Иван,Петров,6,Яблоко,4,560
744,2022-06-08T00:00:00,1,Ростов,1002,Евгений,Иванов,4,Сахар песок,3,150
745,2022-06-08T00:00:00,1,Ростов,1317,Евгения,Волкова,7,Средство для мытья посуды,3,600
746,2022-06-08T00:00:00,0,Москва,312,Александра,Волкова,4,Сахар песок,1,50
747,2022-06-08T00:00:00,2,Ярославль,6509,Алексей,Попов,0,Молоко 1%,3,300
748,2022-06-08T00:00:00,2,Ярославль,3801,Олег,Михайлов,8,Лампочка LED,4,1200
749,2022-06-08T00:00:00,0,Москва,5505,Александр,Попов,5,Яблоко молодильное,2,800
750,2022-06-08T00:00:00,0,Москва,9218,Надежда,Морозова,11,Хлеб ржаной,1,20
751,2022-06-08T00:00:00,0,Москва,1706,Евгений,Соколов,8,Лампочка LED,5,1500
752,2022-06-08T00:00:00,0,Москва,9605,Эдуард,Васильев,3,Устройство для нагревания табака Трубка Мира,1,500
753,2022-06-08T00:00:00,2,Ярославль,3416,Светлана,Алексеева,9,Ручка шариковая,1,45
754,2022-06-08T00:00:00,0,Москва,515,Александра,Лебедева,4,Сахар песок,2,100
755,2022-06-08T00:00:00,1,Ростов,3011,Светлана,Великая,7,Средство для мытья посуды,5,1000
756,2022-06-08T00:00:00,2,Ярославль,6501,Алексей,Попов,7,Средство для мытья посуды,5,1000
757,2022-06-08T00:00:00,0,Москва,2301,Петр,Смирнов,4,Сахар песок,5,250
758,2022-06-08T00:00:00,0,Москва,2100,Петр,Петров,1,Молоко 3%,2,240
759,2022-06-08T00:00:00,2,Ярославль,5617,Оксана,Егорова,1,Молоко 3%,2,240
760,2022-06-08T00:00:00,1,Ростов,3812,Светлана,Козлова,2,Молоко 5%,1,150
761,2022-06-08T00:00:00,1,Ростов,7904,Константин,Новиков,1,Молоко 3%,3,360
762,2022-06-08T00:00:00,1,Ростов,6709,Алексей,Соколов,6,Яблоко,3,420
763,2022-06-08T00:00:00,0,Москва,2318,Ольга,Волкова,4,Сахар песок,4,200
764,2022-06-08T00:00:00,1,Ростов,7908,Константин,Новиков,0,Молоко 1%,4,400
765,2022-06-08T00:00:00,0,Москва,401,Иван,Кузнецов,5,Яблоко молодильное,5,2000
766,2022-06-08T00:00:00,0,Москва,9804,Эдуард,Михайлов,1,Молоко 3%,1,120
767,2022-06-08T00:00:00,2,Ярославль,6008,Алексей,Иванов,7,Средство для мытья посуды,1,200
768,2022-06-08T00:00:00,2,Ярославль,1316,Евгения,Волкова,9,Ручка шариковая,1,45
769,2022-06-08T00:00:00,1,Ростов,7901,Константин,Новиков,2,Молоко 5%,1,150
770,2022-06-08T00:00:00,1,Ростов,2806,Петр,Михайлов,9,Ручка шариковая,4,180
771,2022-06-08T00:00:00,2,Ярославль,6400,Алексей,Кузнецов,9,Ручка шариковая,3,135
772,2022-06-08T00:00:00,1,Ростов,5913,Оксана,Орлова,8,Лампочка LED,3,900
773,2022-06-08T00:00:00,1,Ростов,1816,Евгения,Козлова,2,Молоко 5%,2,300
774,2022-06-08T00:00:00,2,Ярославль,6119,Елизавета,Федорова,1,Молоко 3%,1,120
775,2022-06-08T00:00:00,0,Москва,1212,Евгения,Морозова,8,Лампочка LED,5,1500
776,2022-06-08T00:00:00,0,Москва,5411,Оксана,Алексеева,9,Ручка шариковая,5,225
777,2022-06-08T00:00:00,1,Ростов,9209,Эдуард,Сидоров,9,Ручка шариковая,1,45
778,2022-06-08T00:00:00,0,Москва,1007,Евгений,Иванов,0,Молоко 1%,5,500
779,2022-06-08T00:00:00,1,Ростов,1406,Евгений,Кузнецов,7,Средство для мытья посуды,1,200
780,2022-06-08T00:00:00,1,Ростов,3304,Олег,Смирнов,7,Средство для мытья посуды,3,600
781,2022-06-08T00:00:00,1,Ростов,4111,Екатерина,Федорова,8,Лампочка LED,4,1200
782,2022-06-08T00:00:00,2,Ярославль,2618,Ольга,Егорова,5,Яблоко молодильное,3,1200
783,2022-06-08T00:00:00,2,Ярославль,3418,Светлана,Алексеева,9,Ручка шариковая,3,135
784,2022-06-08T00:00:00,1,Ростов,9102,Эдуард,Петров,4,Сахар песок,2,100
785,2022-06-08T00:00:00,1,Ростов,904,Иван,Новиков,9,Ручка шариковая,5,225
786,2022-06-08T00:00:00,2,Ярославль,6808,Алексей,Михайлов,11,Хлеб ржаной,1,20
787,2022-06-08T00:00:00,0,Москва,1617,Евгения,Егорова,9,Ручка шариковая,5,225
788,2022-06-08T00:00:00,2,Ярославль,6703,Алексей,Соколов,1,Молоко 3%,5,600
789,2022-06-08T00:00:00,1,Ростов,2807,Петр,Михайлов,4,Сахар песок,5,250
790,2022-06-08T00:00:00,2,Ярославль,2912,Ольга,Орлова,4,Сахар песок,2,100
791,2022-06-08T00:00:00,2,Ярославль,2413,Ольга,Алексеева,11,Хлеб ржаной,1,20
792,2022-06-08T00:00:00,2,Ярославль,1913,Евгения,Орлова,4,Сахар песок,3,150
793,2022-06-08T00:00:00,0,Москва,8513,Снежанна,Лебедева,7,Средство для мытья посуды,1,200
794,2022-06-08T00:00:00,1,Ростов,9605,Эдуард,Васильев,10,Томаты,1,50
795,2022-06-08T00:00:00,0,Москва,6116,Елизавета,Федорова,4,Сахар песок,3,150
796,2022-06-08T00:00:00,0,Москва,5300,Александр,Смирнов,2,Молоко 5%,5,750
797,2022-06-08T00:00:00,2,Ярославль,4303,Сергей,Смирнов,3,Устройство для нагревания табака Трубка Мира,4,2000
798,2022-06-08T00:00:00,0,Москва,810,Александра,Козлова,7,Средство для мытья посуды,5,1000
799,2022-06-08T00:00:00,2,Ярославль,9905,Эдуард,Новиков,0,Молоко 1%,2,200
800,2022-06-08T00:00:00,0,Москва,3614,Светлана,Егорова,2,Молоко 5%,5,750
801,2022-06-08T00:00:00,1,Ростов,2317,Ольга,Волкова,11,Хлеб ржаной,5,100
802,2022-06-08T00:00:00,2,Ярославль,314,Александра,Волкова,10,Томаты,5,250
803,2022-06-08T00:00:00,0,Москва,100,Иван,Петров,1,Молоко 3%,1,120
804,2022-06-08T00:00:00,1,Ростов,7310,Анна,Волкова,1,Молоко 3%,5,600
805,2022-06-08T00:00:00,0,Москва,9217,Надежда,Морозова,6,Яблоко,2,280
806,2022-06-08T00:00:00,2,Ярославль,4906,Сергей,Новиков,7,Средство для мытья посуды,1,200
807,2022-06-08T00:00:00,1,Ростов,2317,Ольга,Волкова,10,Томаты,4,200
808,2022-06-08T00:00:00,0,Москва,2917,Ольга,Орлова,0,Молоко 1%,3,300
809,2022-06-08T00:00:00,0,Москва,7507,Константин,Попов,11,Хлеб ржаной,1,20
810,2022-06-08T00:00:00,0,Москва,1510,Евгения,Лебедева,6,Яблоко,3,420
811,2022-06-08T00:00:00,2,Ярославль,1510,Евгения,Лебедева,2,Молоко 5%,3,450
812,2022-06-08T00:00:00,0,Москва,5519,Оксана,Лебедева,4,Сахар песок,3,150
813,2022-06-08T00:00:00,1,Ростов,7707,Константин,Соколов,7,Средство для мытья посуды,2,400
814,2022-06-08T00:00:00,2,Ярославль,5609,Александр,Васильев,5,Яблоко молодильное,5,2000
815,2022-06-08T00:00:00,0,Москва,7901,Константин,Новиков,7,Средство для мытья посуды,5,1000
816,2022-06-08T00:00:00,1,Ростов,901,Иван,Новиков,5,Яблоко молодильное,1,400
817,2022-06-08T00:00:00,2,Ярославль,9002,Эдуард,Иванов,11,Хлеб ржаной,4,80
818,2022-06-08T00:00:00,0,Москва,1400,Евгений,Кузнецов,1,Молоко 3%,1,120
819,2022-06-08T00:00:00,1,Ростов,4614,Екатерина,Егорова,0,Молоко 1%,4,400
820,2022-06-08T00:00:00,0,Москва,6015,Елизавета,Великая,4,Сахар песок,5,250
821,2022-06-08T00:00:00,0,Москва,1317,Евгения,Волкова,3,Устройство для нагревания табака Трубка Мира,1,500
822,2022-06-08T00:00:00,2,Ярославль,8000,Геннадий,Иванов,0,Молоко 1%,4,400
823,2022-06-08T00:00:00,2,Ярославль,6401,Алексей,Кузнецов,10,Томаты,3,150
824,2022-06-08T00:00:00,1,Ростов,5405,Александр,Кузнецов,5,Яблоко молодильное,3,1200
825,2022-06-08T00:00:00,1,Ростов,5910,Оксана,Орлова,5,Яблоко молодильное,1,400
826,2022-06-08T00:00:00,0,Москва,8408,Геннадий,Кузнецов,8,Лампочка LED,5,1500
827,2022-06-08T00:00:00,1,Ростов,6512,Елизавета,Лебедева,5,Яблоко молодильное,3,1200
828,2022-06-08T00:00:00,1,Ростов,1005,Евгений,Иванов,4,Сахар песок,4,200
829,2022-06-08T00:00:00,1,Ростов,218,Александра,Морозова,10,Томаты,2,100
830,2022-06-08T00:00:00,0,Москва,6413,Елизавета,Алексеева,7,Средство для мытья посуды,5,1000
831,2022-06-08T00:00:00,2,Ярославль,5812,Оксана,Козлова,7,Средство для мытья посуды,2,400
832,2022-06-08T00:00:00,2,Ярославль,2905,Петр,Новиков,1,Молоко 3%,1,120
833,2022-06-08T00:00:00,2,Ярославль,3006,Олег,Иванов,7,Средство для мытья посуды,1,200
834,2022-06-08T00:00:00,0,Москва,4002,Сергей,Иванов,4,Сахар песок,4,200
835,2022-06-08T00:00:00,1,Ростов,317,Александра,Волкова,1,Молоко 3%,1,120
836,2022-06-08T00:00:00,0,Москва,4701,Сергей,Соколов,3,Устройство для нагревания табака Трубка Мира,3,1500
837,2022-06-08T00:00:00,2,Ярославль,600,Иван,Васильев,6,Яблоко,2,280
838,2022-06-08T00:00:00,1,Ростов,4719,Екатерина,Павлова,8,Лампочка LED,3,900
839,2022-06-08T00:00:00,2,Ярославль,6211,Елизавета,Морозова,9,Ручка шариковая,5,225
840,2022-06-08T00:00:00,0,Москва,2217,Ольга,Морозова,0,Молоко 1%,2,200
841,2022-06-08T00:00:00,0,Москва,7007,Константин,Иванов,8,Лампочка LED,1,300
842,2022-06-08T00:00:00,2,Ярославль,4604,Сергей,Васильев,1,Молоко 3%,3,360
843,2022-06-08T00:00:00,1,Ростов,4503,Сергей,Попов,6,Яблоко,2,280
844,2022-06-08T00:00:00,0,Москва,3517,Светлана,Лебедева,9,Ручка шариковая,2,90
845,2022-06-08T00:00:00,1,Ростов,108,Иван,Петров,6,Яблоко,4,560
846,2022-06-08T00:00:00,1,Ростов,1002,Евгений,Иванов,4,Сахар песок,3,150
847,2022-06-08T00:00:00,1,Ростов,1317,Евгения,Волкова,7,Средство для мытья посуды,3,600
848,2022-06-08T00:00:00,0,Москва,312,Александра,Волкова,4,Сахар песок,1,50
849,2022-06-08T00:00:00,2,Ярославль,6509,Алексей,Попов,0,Молоко 1%,3,300
850,2022-06-08T00:00:00,2,Ярославль,3801,Олег,Михайлов,8,Лампочка LED,4,1200
851,2022-06-08T00:00:00,0,Москва,5505,Александр,Попов,5,Яблоко молодильное,2,800
852,2022-06-08T00:00:00,0,Москва,9218,Надежда,Морозова,11,Хлеб ржаной,1,20
853,2022-06-08T00:00:00,0,Москва,1706,Евгений,Соколов,8,Лампочка LED,5,1500
854,2022-06-08T00:00:00,0,Москва,9605,Эдуард,Васильев,3,Устройство для нагревания табака Трубка Мира,1,500
855,2022-06-08T00:00:00,2,Ярославль,3416,Светлана,Алексеева,9,Ручка шариковая,1,45
856,2022-06-08T00:00:00,0,Москва,515,Александра,Лебедева,4,Сахар песок,2,100
857,2022-06-08T00:00:00,1,Ростов,3011,Светлана,Великая,7,Средство для мытья посуды,5,1000
858,2022-06-08T00:00:00,2,Ярославль,6501,Алексей,Попов,7,Средство для мытья посуды,5,1000
859,2022-06-08T00:00:00,0,Москва,2301,Петр,Смирнов,4,Сахар песок,5,250
860,2022-06-08T00:00:00,0,Москва,2100,Петр,Петров,1,Молоко 3%,2,240
861,2022-06-08T00:00:00,2,Ярославль,5617,Оксана,Егорова,1,Молоко 3%,2,240
862,2022-06-08T00:00:00,1,Ростов,3812,Светлана,Козлова,2,Молоко 5%,1,150
863,2022-06-08T00:00:00,1,Ростов,7904,Константин,Новиков,1,Молоко 3%,3,360
864,2022-06-08T00:00:00,1,Ростов,6709,Алексей,Соколов,6,Яблоко,3,420
865,2022-06-08T00:00:00,0,Москва,2318,Ольга,Волкова,4,Сахар песок,4,200
866,2022-06-08T00:00:00,1,Ростов,7908,Константин,Новиков,0,Молоко 1%,4,400
867,2022-06-08T00:00:00,0,Москва,401,Иван,Кузнецов,5,Яблоко молодильное,5,2000
868,2022-06-08T00:00:00,0,Москва,9804,Эдуард,Михайлов,1,Молоко 3%,1,120
869,2022-06-08T00:00:00,2,Ярославль,6008,Алексей,Иванов,7,Средство для мытья посуды,1,200
870,2022-06-08T00:00:00,2,Ярославль,1316,Евгения,Волкова,9,Ручка шариковая,1,45
871,2022-06-08T00:00:00,1,Ростов,7901,Константин,Новиков,2,Молоко 5%,1,150
872,2022-06-08T00:00:00,1,Ростов,2806,Петр,Михайлов,9,Ручка шариковая,4,180
873,2022-06-08T00:00:00,2,Ярославль,6400,Алексей,Кузнецов,9,Ручка шариковая,3,135
874,2022-06-08T00:00:00,1,Ростов,5913,Оксана,Орлова,8,Лампочка LED,3,900
875,2022-06-08T00:00:00,1,Ростов,1816,Евгения,Козлова,2,Молоко 5%,2,300
876,2022-06-08T00:00:00,2,Ярославль,6119,Елизавета,Федорова,1,Молоко 3%,1,120
877,2022-06-08T00:00:00,0,Москва,1212,Евгения,Морозова,8,Лампочка LED,5,1500
878,2022-06-08T00:00:00,0,Москва,5411,Оксана,Алексеева,9,Ручка шариковая,5,225
879,2022-06-08T00:00:00,1,Ростов,9209,Эдуард,Сидоров,9,Ручка шариковая,1,45
880,2022-06-08T00:00:00,0,Москва,1007,Евгений,Иванов,0,Молоко 1%,5,500
881,2022-06-08T00:00:00,1,Ростов,1406,Евгений,Кузнецов,7,Средство для мытья посуды,1,200
882,2022-06-08T00:00:00,1,Ростов,3304,Олег,Смирнов,7,Средство для мытья посуды,3,600
883,2022-06-08T00:00:00,1,Ростов,4111,Екатерина,Федорова,8,Лампочка LED,4,1200
884,2022-06-08T00:00:00,2,Ярославль,2618,Ольга,Егорова,5,Яблоко молодильное,3,1200
885,2022-06-08T00:00:00,2,Ярославль,3418,Светлана,Алексеева,9,Ручка шариковая,3,135
886,2022-06-08T00:00:00,1,Ростов,9102,Эдуард,Петров,4,Сахар песок,2,100
887,2022-06-08T00:00:00,1,Ростов,904,Иван,Новиков,9,Ручка шариковая,5,225
888,2022-06-08T00:00:00,2,Ярославль,6808,Алексей,Михайлов,11,Хлеб ржаной,1,20
889,2022-06-08T00:00:00,0,Москва,1617,Евгения,Егорова,9,Ручка шариковая,5,225
890,2022-06-08T00:00:00,2,Ярославль,6703,Алексей,Соколов,1,Молоко 3%,5,600
891,2022-06-08T00:00:00,1,Ростов,2807,Петр,Михайлов,4,Сахар песок,5,250
892,2022-06-08T00:00:00,2,Ярославль,2912,Ольга,Орлова,4,Сахар песок,2,100
893,2022-06-08T00:00:00,2,Ярославль,2413,Ольга,Алексеева,11,Хлеб ржаной,1,20
894,2022-06-08T00:00:00,2,Ярославль,1913,Евгения,Орлова,4,Сахар песок,3,150
895,2022-06-08T00:00:00,0,Москва,8513,Снежанна,Лебедева,7,Средство для мытья посуды,1,200
896,2022-06-08T00:00:00,1,Ростов,9605,Эдуард,Васильев,10,Томаты,1,50
897,2022-06-08T00:00:00,0,Москва,6116,Елизавета,Федорова,4,Сахар песок,3,150
898,2022-06-08T00:00:00,0,Москва,5300,Александр,Смирнов,2,Молоко 5%,5,750
899,2022-06-08T00:00:00,2,Ярославль,4303,Сергей,Смирнов,3,Устройство для нагревания табака Трубка Мира,4,2000
900,2022-06-08T00:00:00,0,Москва,810,Александра,Козлова,7,Средство для мытья посуды,5,1000
901,2022-06-08T00:00:00,2,Ярославль,9905,Эдуард,Новиков,0,Молоко 1%,2,200
902,2022-06-08T00:00:00,0,Москва,3614,Светлана,Егорова,2,Молоко 5%,5,750
903,2022-06-08T00:00:00,1,Ростов,2317,Ольга,Волкова,11,Хлеб ржаной,5,100
904,2022-06-08T00:00:00,2,Ярославль,314,Александра,Волкова,10,Томаты,5,250
905,2022-06-08T00:00:00,0,Москва,100,Иван,Петров,1,Молоко 3%,1,120
906,2022-06-08T00:00:00,1,Ростов,7310,Анна,Волкова,1,Молоко 3%,5,600
907,2022-06-08T00:00:00,0,Москва,9217,Надежда,Морозова,6,Яблоко,2,280
908,2022-06-08T00:00:00,2,Ярославль,4906,Сергей,Новиков,7,Средство для мытья посуды,1,200
909,2022-06-08T00:00:00,1,Ростов,2317,Ольга,Волкова,10,Томаты,4,200
910,2022-06-08T00:00:00,0,Москва,2917,Ольга,Орлова,0,Молоко 1%,3,300
911,2022-06-08T00:00:00,0,Москва,7507,Константин,Попов,11,Хлеб ржаной,1,20
912,2022-06-08T00:00:00,0,Москва,1510,Евгения,Лебедева,6,Яблоко,3,420
913,2022-06-08T00:00:00,2,Ярославль,1510,Евгения,Лебедева,2,Молоко 5%,3,450
914,2022-06-08T00:00:00,0,Москва,5519,Оксана,Лебедева,4,Сахар песок,3,150
915,2022-06-08T00:00:00,1,Ростов,7707,Константин,Соколов,7,Средство для мытья посуды,2,400
916,2022-06-08T00:00:00,2,Ярославль,5609,Александр,Васильев,5,Яблоко молодильное,5,2000
917,2022-06-08T00:00:00,0,Москва,7901,Константин,Новиков,7,Средство для мытья посуды,5,1000
918,2022-06-08T00:00:00,1,Ростов,901,Иван,Новиков,5,Яблоко молодильное,1,400
919,2022-06-08T00:00:00,2,Ярославль,9002,Эдуард,Иванов,11,Хлеб ржаной,4,80
920,2022-06-08T00:00:00,0,Москва,1400,Евгений,Кузнецов,1,Молоко 3%,1,120
921,2022-06-08T00:00:00,1,Ростов,4614,Екатерина,Егорова,0,Молоко 1%,4,400
922,2022-06-08T00:00:00,0,Москва,6015,Елизавета,Великая,4,Сахар песок,5,250
923,2022-06-08T00:00:00,0,Москва,1317,Евгения,Волкова,3,Устройство для нагревания табака Трубка Мира,1,500
924,2022-06-08T00:00:00,2,Ярославль,8000,Геннадий,Иванов,0,Молоко 1%,4,400
925,2022-06-08T00:00:00,2,Ярославль,6401,Алексей,Кузнецов,10,Томаты,3,150
926,2022-06-08T00:00:00,1,Ростов,5405,Александр,Кузнецов,5,Яблоко молодильное,3,1200
927,2022-06-08T00:00:00,1,Ростов,5910,Оксана,Орлова,5,Яблоко молодильное,1,400
928,2022-06-08T00:00:00,0,Москва,8408,Геннадий,Кузнецов,8,Лампочка LED,5,1500
929,2022-06-08T00:00:00,1,Ростов,6512,Елизавета,Лебедева,5,Яблоко молодильное,3,1200
930,2022-06-08T00:00:00,1,Ростов,1005,Евгений,Иванов,4,Сахар песок,4,200
931,2022-06-08T00:00:00,1,Ростов,218,Александра,Морозова,10,Томаты,2,100
932,2022-06-08T00:00:00,0,Москва,6413,Елизавета,Алексеева,7,Средство для мытья посуды,5,1000
933,2022-06-08T00:00:00,2,Ярославль,5812,Оксана,Козлова,7,Средство для мытья посуды,2,400
934,2022-06-08T00:00:00,2,Ярославль,2905,Петр,Новиков,1,Молоко 3%,1,120
935,2022-06-08T00:00:00,2,Ярославль,3006,Олег,Иванов,7,Средство для мытья посуды,1,200
936,2022-06-08T00:00:00,0,Москва,4002,Сергей,Иванов,4,Сахар песок,4,200
937,2022-06-08T00:00:00,1,Ростов,317,Александра,Волкова,1,Молоко 3%,1,120
938,2022-06-08T00:00:00,0,Москва,4701,Сергей,Соколов,3,Устройство для нагревания табака Трубка Мира,3,1500
939,2022-06-08T00:00:00,2,Ярославль,600,Иван,Васильев,6,Яблоко,2,280
940,2022-06-08T00:00:00,1,Ростов,4719,Екатерина,Павлова,8,Лампочка LED,3,900
941,2022-06-08T00:00:00,2,Ярославль,6211,Елизавета,Морозова,9,Ручка шариковая,5,225
942,2022-06-08T00:00:00,0,Москва,2217,Ольга,Морозова,0,Молоко 1%,2,200
943,2022-06-08T00:00:00,0,Москва,7007,Константин,Иванов,8,Лампочка LED,1,300
944,2022-06-08T00:00:00,2,Ярославль,4604,Сергей,Васильев,1,Молоко 3%,3,360
945,2022-06-08T00:00:00,1,Ростов,4503,Сергей,Попов,6,Яблоко,2,280
946,2022-06-08T00:00:00,0,Москва,3517,Светлана,Лебедева,9,Ручка шариковая,2,90
947,2022-06-08T00:00:00,1,Ростов,108,Иван,Петров,6,Яблоко,4,560
948,2022-06-08T00:00:00,1,Ростов,1002,Евгений,Иванов,4,Сахар песок,3,150
949,2022-06-08T00:00:00,1,Ростов,1317,Евгения,Волкова,7,Средство для мытья посуды,3,600
950,2022-06-08T00:00:00,0,Москва,312,Александра,Волкова,4,Сахар песок,1,50
951,2022-06-08T00:00:00,2,Ярославль,6509,Алексей,Попов,0,Молоко 1%,3,300
952,2022-06-08T00:00:00,2,Ярославль,3801,Олег,Михайлов,8,Лампочка LED,4,1200
953,2022-06-08T00:00:00,0,Москва,5505,Александр,Попов,5,Яблоко молодильное,2,800
954,2022-06-08T00:00:00,0,Москва,9218,Надежда,Морозова,11,Хлеб ржаной,1,20
955,2022-06-08T00:00:00,0,Москва,1706,Евгений,Соколов,8,Лампочка LED,5,1500
956,2022-06-08T00:00:00,0,Москва,9605,Эдуард,Васильев,3,Устройство для нагревания табака Трубка Мира,1,500
957,2022-06-08T00:00:00,2,Ярославль,3416,Светлана,Алексеева,9,Ручка шариковая,1,45
958,2022-06-08T00:00:00,0,Москва,515,Александра,Лебедева,4,Сахар песок,2,100
959,2022-06-08T00:00:00,1,Ростов,3011,Светлана,Великая,7,Средство для мытья посуды,5,1000
960,2022-06-08T00:00:00,2,Ярославль,6501,Алексей,Попов,7,Средство для мытья посуды,5,1000
961,2022-06-08T00:00:00,0,Москва,2301,Петр,Смирнов,4,Сахар песок,5,250
962,2022-06-08T00:00:00,0,Москва,2100,Петр,Петров,1,Молоко 3%,2,240
963,2022-06-08T00:00:00,2,Ярославль,5617,Оксана,Егорова,1,Молоко 3%,2,240
964,2022-06-08T00:00:00,1,Ростов,3812,Светлана,Козлова,2,Молоко 5%,1,150
965,2022-06-08T00:00:00,1,Ростов,7904,Константин,Новиков,1,Молоко 3%,3,360
966,2022-06-08T00:00:00,1,Ростов,6709,Алексей,Соколов,6,Яблоко,3,420
967,2022-06-08T00:00:00,0,Москва,2318,Ольга,Волкова,4,Сахар песок,4,200
968,2022-06-08T00:00:00,1,Ростов,7908,Константин,Новиков,0,Молоко 1%,4,400
969,2022-06-08T00:00:00,0,Москва,401,Иван,Кузнецов,5,Яблоко молодильное,5,2000
970,2022-06-08T00:00:00,0,Москва,9804,Эдуард,Михайлов,1,Молоко 3%,1,120
971,2022-06-08T00:00:00,2,Ярославль,6008,Алексей,Иванов,7,Средство для мытья посуды,1,200
972,2022-06-08T00:00:00,2,Ярославль,1316,Евгения,Волкова,9,Ручка шариковая,1,45
973,2022-06-08T00:00:00,1,Ростов,7901,Константин,Новиков,2,Молоко 5%,1,150
974,2022-06-08T00:00:00,1,Ростов,2806,Петр,Михайлов,9,Ручка шариковая,4,180
975,2022-06-08T00:00:00,2,Ярославль,6400,Алексей,Кузнецов,9,Ручка шариковая,3,135
976,2022-06-08T00:00:00,1,Ростов,5913,Оксана,Орлова,8,Лампочка LED,3,900
977,2022-06-08T00:00:00,1,Ростов,1816,Евгения,Козлова,2,Молоко 5%,2,300
978,2022-06-08T00:00:00,2,Ярославль,6119,Елизавета,Федорова,1,Молоко 3%,1,120
979,2022-06-08T00:00:00,0,Москва,1212,Евгения,Морозова,8,Лампочка LED,5,1500
980,2022-06-08T00:00:00,0,Москва,5411,Оксана,Алексеева,9,Ручка шариковая,5,225
981,2022-06-08T00:00:00,1,Ростов,9209,Эдуард,Сидоров,9,Ручка шариковая,1,45
982,2022-06-08T00:00:00,0,Москва,1007,Евгений,Иванов,0,Молоко 1%,5,500
983,2022-06-08T00:00:00,1,Ростов,1406,Евгений,Кузнецов,7,Средство для мытья посуды,1,200
984,2022-06-08T00:00:00,1,Ростов,3304,Олег,Смирнов,7,Средство для мытья посуды,3,600
985,2022-06-08T00:00:00,1,Ростов,4111,Екатерина,Федорова,8,Лампочка LED,4,1200
986,2022-06-08T00:00:00,2,Ярославль,2618,Ольга,Егорова,5,Яблоко молодильное,3,1200
987,2022-06-08T00:00:00,2,Ярославль,3418,Светлана,Алексеева,9,Ручка шариковая,3,135
988,2022-06-08T00:00:00,1,Ростов,9102,Эдуард,Петров,4,Сахар песок,2,100
989,2022-06-08T00:00:00,1,Ростов,904,Иван,Новиков,9,Ручка шариковая,5,225
990,2022-06-08T00:00:00,2,Ярославль,6808,Алексей,Михайлов,11,Хлеб ржаной,1,20
991,2022-06-08T00:00:00,0,Москва,1617,Евгения,Егорова,9,Ручка шариковая,5,225
992,2022-06-08T00:00:00,2,Ярославль,6703,Алексей,Соколов,1,Молоко 3%,5,600
993,2022-06-08T00:00:00,1,Ростов,2807,Петр,Михайлов,4,Сахар песок,5,250
994,2022-06-08T00:00:00,2,Ярославль,2912,Ольга,Орлова,4,Сахар песок,2,100
995,2022-06-08T00:00:00,2,Ярославль,2413,Ольга,Алексеева,11,Хлеб ржаной,1,20
996,2022-06-08T00:00:00,2,Ярославль,1913,Евгения,Орлова,4,Сахар песок,3,150
997,2022-06-08T00:00:00,0,Москва,8513,Снежанна,Лебедева,7,Средство для мытья посуды,1,200
998,2022-06-08T00:00:00,1,Ростов,9605,Эдуард,Васильев,10,Томаты,1,50
999,2022-06-08T00:00:00,0,Москва,6116,Елизавета,Федорова,4,Сахар песок,3,150
1000,2022-06-08T00:00:00,0,Москва,5300,Александр,Смирнов,2,Молоко 5%,5,750
1001,2022-06-08T00:00:00,2,Ярославль,4303,Сергей,Смирнов,3,Устройство для нагревания табака Трубка Мира,4,2000
1002,2022-06-08T00:00:00,0,Москва,810,Александра,Козлова,7,Средство для мытья посуды,5,1000
1003,2022-06-08T00:00:00,2,Ярославль,9905,Эдуард,Новиков,0,Молоко 1%,2,200
1004,2022-06-08T00:00:00,0,Москва,3614,Светлана,Егорова,2,Молоко 5%,5,750
1005,2022-06-08T00:00:00,1,Ростов,2317,Ольга,Волкова,11,Хлеб ржаной,5,100
1006,2022-06-08T00:00:00,2,Ярославль,314,Александра,Волкова,10,Томаты,5,250
1007,2022-06-08T00:00:00,0,Москва,100,Иван,Петров,1,Молоко 3%,1,120
1008,2022-06-08T00:00:00,1,Ростов,7310,Анна,Волкова,1,Молоко 3%,5,600
1009,2022-06-08T00:00:00,0,Москва,9217,Надежда,Морозова,6,Яблоко,2,280
1010,2022-06-08T00:00:00,2,Ярославль,4906,Сергей,Новиков,7,Средство для мытья посуды,1,200
1011,2022-06-08T00:00:00,1,Ростов,2317,Ольга,Волкова,10,Томаты,4,200
1012,2022-06-08T00:00:00,0,Москва,2917,Ольга,Орлова,0,Молоко 1%,3,300
1013,2022-06-08T00:00:00,0,Москва,7507,Константин,Попов,11,Хлеб ржаной,1,20
1014,2022-06-08T00:00:00,0,Москва,1510,Евгения,Лебедева,6,Яблоко,3,420
1015,2022-06-08T00:00:00,2,Ярославль,1510,Евгения,Лебедева,2,Молоко 5%,3,450
1016,2022-06-08T00:00:00,0,Москва,5519,Оксана,Лебедева,4,Сахар песок,3,150
1017,2022-06-08T00:00:00,1,Ростов,7707,Константин,Соколов,7,Средство для мытья посуды,2,400
1018,2022-06-08T00:00:00,2,Ярославль,5609,Александр,Васильев,5,Яблоко молодильное,5,2000
1019,2022-06-08T00:00:00,0,Москва,7901,Константин,Новиков,7,Средство для мытья посуды,5,1000
1020,2022-06-08T00:00:00,1,Ростов,901,Иван,Новиков,5,Яблоко молодильное,1,400
1021,2022-06-08T00:00:00,2,Ярославль,9002,Эдуард,Иванов,11,Хлеб ржаной,4,80
1022,2022-06-08T00:00:00,0,Москва,1400,Евгений,Кузнецов,1,Молоко 3%,1,120
1023,2022-06-08T00:00:00,1,Ростов,4614,Екатерина,Егорова,0,Молоко 1%,4,400
1024,2022-06-08T00:00:00,0,Москва,6015,Елизавета,Великая,4,Сахар песок,5,250
1025,2022-06-08T00:00:00,0,Москва,1317,Евгения,Волкова,3,Устройство для нагревания табака Трубка Мира,1,500
1026,2022-06-08T00:00:00,2,Ярославль,8000,Геннадий,Иванов,0,Молоко 1%,4,400
1027,2022-06-08T00:00:00,2,Ярославль,6401,Алексей,Кузнецов,10,Томаты,3,150
1028,2022-06-08T00:00:00,1,Ростов,5405,Александр,Кузнецов,5,Яблоко молодильное,3,1200
1029,2022-06-08T00:00:00,1,Ростов,5910,Оксана,Орлова,5,Яблоко молодильное,1,400
1030,2022-06-08T00:00:00,0,Москва,8408,Геннадий,Кузнецов,8,Лампочка LED,5,1500
1031,2022-06-08T00:00:00,1,Ростов,6512,Елизавета,Лебедева,5,Яблоко молодильное,3,1200
1032,2022-06-08T00:00:00,1,Ростов,1005,Евгений,Иванов,4,Сахар песок,4,200
1033,2022-06-08T00:00:00,1,Ростов,218,Александра,Морозова,10,Томаты,2,100
1034,2022-06-08T00:00:00,0,Москва,6413,Елизавета,Алексеева,7,Средство для мытья посуды,5,1000
1035,2022-06-08T00:00:00,2,Ярославль,5812,Оксана,Козлова,7,Средство для мытья посуды,2,400
1036,2022-06-08T00:00:00,2,Ярославль,2905,Петр,Новиков,1,Молоко 3%,1,120
1037,2022-06-08T00:00:00,2,Ярославль,3006,Олег,Иванов,7,Средство для мытья посуды,1,200
1038,2022-06-08T00:00:00,0,Москва,4002,Сергей,Иванов,4,Сахар песок,4,200
1039,2022-06-08T00:00:00,1,Ростов,317,Александра,Волкова,1,Молоко 3%,1,120
1040,2022-06-08T00:00:00,0,Москва,4701,Сергей,Соколов,3,Устройство для нагревания табака Трубка Мира,3,1500
1041,2022-06-08T00:00:00,2,Ярославль,600,Иван,Васильев,6,Яблоко,2,280
1042,2022-06-08T00:00:00,1,Ростов,4719,Екатерина,Павлова,8,Лампочка LED,3,900
1043,2022-06-08T00:00:00,2,Ярославль,6211,Елизавета,Морозова,9,Ручка шариковая,5,225
1044,2022-06-08T00:00:00,0,Москва,2217,Ольга,Морозова,0,Молоко 1%,2,200
1045,2022-06-08T00:00:00,0,Москва,7007,Константин,Иванов,8,Лампочка LED,1,300
1046,2022-06-08T00:00:00,2,Ярославль,4604,Сергей,Васильев,1,Молоко 3%,3,360
1047,2022-06-08T00:00:00,1,Ростов,4503,Сергей,Попов,6,Яблоко,2,280
1048,2022-06-08T00:00:00,0,Москва,3517,Светлана,Лебедева,9,Ручка шариковая,2,90
